emoji,name,slug,group
ğŸ˜€,grinning face,grinning_face,
ğŸ˜ƒ,grinning face with big eyes,grinning_face_with_big_eyes,
ğŸ˜„,grinning face with smiling eyes,grinning_face_with_smiling_eyes,
ğŸ˜,beaming face with smiling eyes,beaming_face_with_smiling_eyes,
ğŸ˜†,grinning squinting face,grinning_squinting_face,
ğŸ˜…,grinning face with sweat,grinning_face_with_sweat,
ğŸ¤£,rolling on the floor laughing,rolling_on_the_floor_laughing,
ğŸ˜‚,face with tears of joy,face_with_tears_of_joy,
ğŸ™‚,slightly smiling face,slightly_smiling_face,
ğŸ™ƒ,upside-down face,upside_down_face,
ğŸ« ,melting face,melting_face,
ğŸ˜‰,winking face,winking_face,
ğŸ˜Š,smiling face with smiling eyes,smiling_face_with_smiling_eyes,
ğŸ˜‡,smiling face with halo,smiling_face_with_halo,
ğŸ¥°,smiling face with hearts,smiling_face_with_hearts,
ğŸ˜,smiling face with heart-eyes,smiling_face_with_heart_eyes,
ğŸ¤©,star-struck,star_struck,
ğŸ˜˜,face blowing a kiss,face_blowing_a_kiss,
ğŸ˜—,kissing face,kissing_face,
â˜ºï¸,smiling face,smiling_face,
ğŸ˜š,kissing face with closed eyes,kissing_face_with_closed_eyes,
ğŸ˜™,kissing face with smiling eyes,kissing_face_with_smiling_eyes,
ğŸ¥²,smiling face with tear,smiling_face_with_tear,
ğŸ˜‹,face savoring food,face_savoring_food,
ğŸ˜›,face with tongue,face_with_tongue,
ğŸ˜œ,winking face with tongue,winking_face_with_tongue,
ğŸ¤ª,zany face,zany_face,
ğŸ˜,squinting face with tongue,squinting_face_with_tongue,
ğŸ¤‘,money-mouth face,money_mouth_face,
ğŸ¤—,smiling face with open hands,smiling_face_with_open_hands,
ğŸ¤­,face with hand over mouth,face_with_hand_over_mouth,
ğŸ«¢,face with open eyes and hand over mouth,face_with_open_eyes_and_hand_over_mouth,
ğŸ«£,face with peeking eye,face_with_peeking_eye,
ğŸ¤«,shushing face,shushing_face,
ğŸ¤”,thinking face,thinking_face,
ğŸ«¡,saluting face,saluting_face,
ğŸ¤,zipper-mouth face,zipper_mouth_face,
ğŸ¤¨,face with raised eyebrow,face_with_raised_eyebrow,
ğŸ˜,neutral face,neutral_face,
ğŸ˜‘,expressionless face,expressionless_face,
ğŸ˜¶,face without mouth,face_without_mouth,
ğŸ«¥,dotted line face,dotted_line_face,
ğŸ˜¶â€ğŸŒ«ï¸,face in clouds,face_in_clouds,
ğŸ˜,smirking face,smirking_face,
ğŸ˜’,unamused face,unamused_face,
ğŸ™„,face with rolling eyes,face_with_rolling_eyes,
ğŸ˜¬,grimacing face,grimacing_face,
ğŸ˜®â€ğŸ’¨,face exhaling,face_exhaling,
ğŸ¤¥,lying face,lying_face,
ğŸ«¨,shaking face,shaking_face,
ğŸ™‚â€â†”ï¸,head shaking horizontally,head_shaking_horizontally,
ğŸ™‚â€â†•ï¸,head shaking vertically,head_shaking_vertically,
ğŸ˜Œ,relieved face,relieved_face,
ğŸ˜”,pensive face,pensive_face,
ğŸ˜ª,sleepy face,sleepy_face,
ğŸ¤¤,drooling face,drooling_face,
ğŸ˜´,sleeping face,sleeping_face,
ğŸ«©,face with bags under eyes,face_with_bags_under_eyes,
ğŸ˜·,face with medical mask,face_with_medical_mask,
ğŸ¤’,face with thermometer,face_with_thermometer,
ğŸ¤•,face with head-bandage,face_with_head_bandage,
ğŸ¤¢,nauseated face,nauseated_face,
ğŸ¤®,face vomiting,face_vomiting,
ğŸ¤§,sneezing face,sneezing_face,
ğŸ¥µ,hot face,hot_face,
ğŸ¥¶,cold face,cold_face,
ğŸ¥´,woozy face,woozy_face,
ğŸ˜µ,face with crossed-out eyes,face_with_crossed_out_eyes,
ğŸ˜µâ€ğŸ’«,face with spiral eyes,face_with_spiral_eyes,
ğŸ¤¯,exploding head,exploding_head,
ğŸ¤ ,cowboy hat face,cowboy_hat_face,
ğŸ¥³,partying face,partying_face,
ğŸ¥¸,disguised face,disguised_face,
ğŸ˜,smiling face with sunglasses,smiling_face_with_sunglasses,
ğŸ¤“,nerd face,nerd_face,
ğŸ§,face with monocle,face_with_monocle,
ğŸ˜•,confused face,confused_face,
ğŸ«¤,face with diagonal mouth,face_with_diagonal_mouth,
ğŸ˜Ÿ,worried face,worried_face,
ğŸ™,slightly frowning face,slightly_frowning_face,
â˜¹ï¸,frowning face,frowning_face,
ğŸ˜®,face with open mouth,face_with_open_mouth,
ğŸ˜¯,hushed face,hushed_face,
ğŸ˜²,astonished face,astonished_face,
ğŸ˜³,flushed face,flushed_face,
ğŸ¥º,pleading face,pleading_face,
ğŸ¥¹,face holding back tears,face_holding_back_tears,
ğŸ˜¦,frowning face with open mouth,frowning_face_with_open_mouth,
ğŸ˜§,anguished face,anguished_face,
ğŸ˜¨,fearful face,fearful_face,
ğŸ˜°,anxious face with sweat,anxious_face_with_sweat,
ğŸ˜¥,sad but relieved face,sad_but_relieved_face,
ğŸ˜¢,crying face,crying_face,
ğŸ˜­,loudly crying face,loudly_crying_face,
ğŸ˜±,face screaming in fear,face_screaming_in_fear,
ğŸ˜–,confounded face,confounded_face,
ğŸ˜£,persevering face,persevering_face,
ğŸ˜,disappointed face,disappointed_face,
ğŸ˜“,downcast face with sweat,downcast_face_with_sweat,
ğŸ˜©,weary face,weary_face,
ğŸ˜«,tired face,tired_face,
ğŸ¥±,yawning face,yawning_face,
ğŸ˜¤,face with steam from nose,face_with_steam_from_nose,
ğŸ˜¡,enraged face,enraged_face,
ğŸ˜ ,angry face,angry_face,
ğŸ¤¬,face with symbols on mouth,face_with_symbols_on_mouth,
ğŸ˜ˆ,smiling face with horns,smiling_face_with_horns,
ğŸ‘¿,angry face with horns,angry_face_with_horns,
ğŸ’€,skull,skull,
â˜ ï¸,skull and crossbones,skull_and_crossbones,
ğŸ’©,pile of poo,pile_of_poo,
ğŸ¤¡,clown face,clown_face,
ğŸ‘¹,ogre,ogre,
ğŸ‘º,goblin,goblin,
ğŸ‘»,ghost,ghost,
ğŸ‘½,alien,alien,
ğŸ‘¾,alien monster,alien_monster,
ğŸ¤–,robot,robot,
ğŸ˜º,grinning cat,grinning_cat,
ğŸ˜¸,grinning cat with smiling eyes,grinning_cat_with_smiling_eyes,
ğŸ˜¹,cat with tears of joy,cat_with_tears_of_joy,
ğŸ˜»,smiling cat with heart-eyes,smiling_cat_with_heart_eyes,
ğŸ˜¼,cat with wry smile,cat_with_wry_smile,
ğŸ˜½,kissing cat,kissing_cat,
ğŸ™€,weary cat,weary_cat,
ğŸ˜¿,crying cat,crying_cat,
ğŸ˜¾,pouting cat,pouting_cat,
ğŸ™ˆ,see-no-evil monkey,see_no_evil_monkey,
ğŸ™‰,hear-no-evil monkey,hear_no_evil_monkey,
ğŸ™Š,speak-no-evil monkey,speak_no_evil_monkey,
ğŸ’Œ,love letter,love_letter,
ğŸ’˜,heart with arrow,heart_with_arrow,
ğŸ’,heart with ribbon,heart_with_ribbon,
ğŸ’–,sparkling heart,sparkling_heart,
ğŸ’—,growing heart,growing_heart,
ğŸ’“,beating heart,beating_heart,
ğŸ’,revolving hearts,revolving_hearts,
ğŸ’•,two hearts,two_hearts,
ğŸ’Ÿ,heart decoration,heart_decoration,
â£ï¸,heart exclamation,heart_exclamation,
ğŸ’”,broken heart,broken_heart,
â¤ï¸â€ğŸ”¥,heart on fire,heart_on_fire,
â¤ï¸â€ğŸ©¹,mending heart,mending_heart,
â¤ï¸,red heart,red_heart,
ğŸ©·,pink heart,pink_heart,
ğŸ§¡,orange heart,orange_heart,
ğŸ’›,yellow heart,yellow_heart,
ğŸ’š,green heart,green_heart,
ğŸ’™,blue heart,blue_heart,
ğŸ©µ,light blue heart,light_blue_heart,
ğŸ’œ,purple heart,purple_heart,
ğŸ¤,brown heart,brown_heart,
ğŸ–¤,black heart,black_heart,
ğŸ©¶,grey heart,grey_heart,
ğŸ¤,white heart,white_heart,
ğŸ’‹,kiss mark,kiss_mark,
ğŸ’¯,hundred points,hundred_points,
ğŸ’¢,anger symbol,anger_symbol,
ğŸ’¥,collision,collision,
ğŸ’«,dizzy,dizzy,
ğŸ’¦,sweat droplets,sweat_droplets,
ğŸ’¨,dashing away,dashing_away,
ğŸ•³ï¸,hole,hole,
ğŸ’¬,speech balloon,speech_balloon,
ğŸ‘ï¸â€ğŸ—¨ï¸,eye in speech bubble,eye_in_speech_bubble,
ğŸ—¨ï¸,left speech bubble,left_speech_bubble,
ğŸ—¯ï¸,right anger bubble,right_anger_bubble,
ğŸ’­,thought balloon,thought_balloon,
ğŸ’¤,ZZZ,zzz,
ğŸ‘‹,waving hand,waving_hand,
ğŸ¤š,raised back of hand,raised_back_of_hand,
ğŸ–ï¸,hand with fingers splayed,hand_with_fingers_splayed,
âœ‹,raised hand,raised_hand,
ğŸ––,vulcan salute,vulcan_salute,
ğŸ«±,rightwards hand,rightwards_hand,
ğŸ«²,leftwards hand,leftwards_hand,
ğŸ«³,palm down hand,palm_down_hand,
ğŸ«´,palm up hand,palm_up_hand,
ğŸ«·,leftwards pushing hand,leftwards_pushing_hand,
ğŸ«¸,rightwards pushing hand,rightwards_pushing_hand,
ğŸ‘Œ,OK hand,ok_hand,
ğŸ¤Œ,pinched fingers,pinched_fingers,
ğŸ¤,pinching hand,pinching_hand,
âœŒï¸,victory hand,victory_hand,
ğŸ¤,crossed fingers,crossed_fingers,
ğŸ«°,hand with index finger and thumb crossed,hand_with_index_finger_and_thumb_crossed,
ğŸ¤Ÿ,love-you gesture,love_you_gesture,
ğŸ¤˜,sign of the horns,sign_of_the_horns,
ğŸ¤™,call me hand,call_me_hand,
ğŸ‘ˆ,backhand index pointing left,backhand_index_pointing_left,
ğŸ‘‰,backhand index pointing right,backhand_index_pointing_right,
ğŸ‘†,backhand index pointing up,backhand_index_pointing_up,
ğŸ–•,middle finger,middle_finger,
ğŸ‘‡,backhand index pointing down,backhand_index_pointing_down,
â˜ï¸,index pointing up,index_pointing_up,
ğŸ«µ,index pointing at the viewer,index_pointing_at_the_viewer,
ğŸ‘,thumbs up,thumbs_up,
ğŸ‘,thumbs down,thumbs_down,
âœŠ,raised fist,raised_fist,
ğŸ‘Š,oncoming fist,oncoming_fist,
ğŸ¤›,left-facing fist,left_facing_fist,
ğŸ¤œ,right-facing fist,right_facing_fist,
ğŸ‘,clapping hands,clapping_hands,
ğŸ™Œ,raising hands,raising_hands,
ğŸ«¶,heart hands,heart_hands,
ğŸ‘,open hands,open_hands,
ğŸ¤²,palms up together,palms_up_together,
ğŸ¤,handshake,handshake,
ğŸ™,folded hands,folded_hands,
âœï¸,writing hand,writing_hand,
ğŸ’…,nail polish,nail_polish,
ğŸ¤³,selfie,selfie,
ğŸ’ª,flexed biceps,flexed_biceps,
ğŸ¦¾,mechanical arm,mechanical_arm,
ğŸ¦¿,mechanical leg,mechanical_leg,
ğŸ¦µ,leg,leg,
ğŸ¦¶,foot,foot,
ğŸ‘‚,ear,ear,
ğŸ¦»,ear with hearing aid,ear_with_hearing_aid,
ğŸ‘ƒ,nose,nose,
ğŸ§ ,brain,brain,
ğŸ«€,anatomical heart,anatomical_heart,
ğŸ«,lungs,lungs,
ğŸ¦·,tooth,tooth,
ğŸ¦´,bone,bone,
ğŸ‘€,eyes,eyes,
ğŸ‘ï¸,eye,eye,
ğŸ‘…,tongue,tongue,
ğŸ‘„,mouth,mouth,
ğŸ«¦,biting lip,biting_lip,
ğŸ‘¶,baby,baby,
ğŸ§’,child,child,
ğŸ‘¦,boy,boy,
ğŸ‘§,girl,girl,
ğŸ§‘,person,person,
ğŸ‘±,person blond hair,person_blond_hair,
ğŸ‘¨,man,man,
ğŸ§”,person beard,person_beard,
ğŸ§”â€â™‚ï¸,man beard,man_beard,
ğŸ§”â€â™€ï¸,woman beard,woman_beard,
ğŸ‘¨â€ğŸ¦°,man red hair,man_red_hair,
ğŸ‘¨â€ğŸ¦±,man curly hair,man_curly_hair,
ğŸ‘¨â€ğŸ¦³,man white hair,man_white_hair,
ğŸ‘¨â€ğŸ¦²,man bald,man_bald,
ğŸ‘©,woman,woman,
ğŸ‘©â€ğŸ¦°,woman red hair,woman_red_hair,
ğŸ§‘â€ğŸ¦°,person red hair,person_red_hair,
ğŸ‘©â€ğŸ¦±,woman curly hair,woman_curly_hair,
ğŸ§‘â€ğŸ¦±,person curly hair,person_curly_hair,
ğŸ‘©â€ğŸ¦³,woman white hair,woman_white_hair,
ğŸ§‘â€ğŸ¦³,person white hair,person_white_hair,
ğŸ‘©â€ğŸ¦²,woman bald,woman_bald,
ğŸ§‘â€ğŸ¦²,person bald,person_bald,
ğŸ‘±â€â™€ï¸,woman blond hair,woman_blond_hair,
ğŸ‘±â€â™‚ï¸,man blond hair,man_blond_hair,
ğŸ§“,older person,older_person,
ğŸ‘´,old man,old_man,
ğŸ‘µ,old woman,old_woman,
ğŸ™,person frowning,person_frowning,
ğŸ™â€â™‚ï¸,man frowning,man_frowning,
ğŸ™â€â™€ï¸,woman frowning,woman_frowning,
ğŸ™,person pouting,person_pouting,
ğŸ™â€â™‚ï¸,man pouting,man_pouting,
ğŸ™â€â™€ï¸,woman pouting,woman_pouting,
ğŸ™…,person gesturing NO,person_gesturing_no,
ğŸ™…â€â™‚ï¸,man gesturing NO,man_gesturing_no,
ğŸ™…â€â™€ï¸,woman gesturing NO,woman_gesturing_no,
ğŸ™†,person gesturing OK,person_gesturing_ok,
ğŸ™†â€â™‚ï¸,man gesturing OK,man_gesturing_ok,
ğŸ™†â€â™€ï¸,woman gesturing OK,woman_gesturing_ok,
ğŸ’,person tipping hand,person_tipping_hand,
ğŸ’â€â™‚ï¸,man tipping hand,man_tipping_hand,
ğŸ’â€â™€ï¸,woman tipping hand,woman_tipping_hand,
ğŸ™‹,person raising hand,person_raising_hand,
ğŸ™‹â€â™‚ï¸,man raising hand,man_raising_hand,
ğŸ™‹â€â™€ï¸,woman raising hand,woman_raising_hand,
ğŸ§,deaf person,deaf_person,
ğŸ§â€â™‚ï¸,deaf man,deaf_man,
ğŸ§â€â™€ï¸,deaf woman,deaf_woman,
ğŸ™‡,person bowing,person_bowing,
ğŸ™‡â€â™‚ï¸,man bowing,man_bowing,
ğŸ™‡â€â™€ï¸,woman bowing,woman_bowing,
ğŸ¤¦,person facepalming,person_facepalming,
ğŸ¤¦â€â™‚ï¸,man facepalming,man_facepalming,
ğŸ¤¦â€â™€ï¸,woman facepalming,woman_facepalming,
ğŸ¤·,person shrugging,person_shrugging,
ğŸ¤·â€â™‚ï¸,man shrugging,man_shrugging,
ğŸ¤·â€â™€ï¸,woman shrugging,woman_shrugging,
ğŸ§‘â€âš•ï¸,health worker,health_worker,
ğŸ‘¨â€âš•ï¸,man health worker,man_health_worker,
ğŸ‘©â€âš•ï¸,woman health worker,woman_health_worker,
ğŸ§‘â€ğŸ“,student,student,
ğŸ‘¨â€ğŸ“,man student,man_student,
ğŸ‘©â€ğŸ“,woman student,woman_student,
ğŸ§‘â€ğŸ«,teacher,teacher,
ğŸ‘¨â€ğŸ«,man teacher,man_teacher,
ğŸ‘©â€ğŸ«,woman teacher,woman_teacher,
ğŸ§‘â€âš–ï¸,judge,judge,
ğŸ‘¨â€âš–ï¸,man judge,man_judge,
ğŸ‘©â€âš–ï¸,woman judge,woman_judge,
ğŸ§‘â€ğŸŒ¾,farmer,farmer,
ğŸ‘¨â€ğŸŒ¾,man farmer,man_farmer,
ğŸ‘©â€ğŸŒ¾,woman farmer,woman_farmer,
ğŸ§‘â€ğŸ³,cook,cook,
ğŸ‘¨â€ğŸ³,man cook,man_cook,
ğŸ‘©â€ğŸ³,woman cook,woman_cook,
ğŸ§‘â€ğŸ”§,mechanic,mechanic,
ğŸ‘¨â€ğŸ”§,man mechanic,man_mechanic,
ğŸ‘©â€ğŸ”§,woman mechanic,woman_mechanic,
ğŸ§‘â€ğŸ­,factory worker,factory_worker,
ğŸ‘¨â€ğŸ­,man factory worker,man_factory_worker,
ğŸ‘©â€ğŸ­,woman factory worker,woman_factory_worker,
ğŸ§‘â€ğŸ’¼,office worker,office_worker,
ğŸ‘¨â€ğŸ’¼,man office worker,man_office_worker,
ğŸ‘©â€ğŸ’¼,woman office worker,woman_office_worker,
ğŸ§‘â€ğŸ”¬,scientist,scientist,
ğŸ‘¨â€ğŸ”¬,man scientist,man_scientist,
ğŸ‘©â€ğŸ”¬,woman scientist,woman_scientist,
ğŸ§‘â€ğŸ’»,technologist,technologist,
ğŸ‘¨â€ğŸ’»,man technologist,man_technologist,
ğŸ‘©â€ğŸ’»,woman technologist,woman_technologist,
ğŸ§‘â€ğŸ¤,singer,singer,
ğŸ‘¨â€ğŸ¤,man singer,man_singer,
ğŸ‘©â€ğŸ¤,woman singer,woman_singer,
ğŸ§‘â€ğŸ¨,artist,artist,
ğŸ‘¨â€ğŸ¨,man artist,man_artist,
ğŸ‘©â€ğŸ¨,woman artist,woman_artist,
ğŸ§‘â€âœˆï¸,pilot,pilot,
ğŸ‘¨â€âœˆï¸,man pilot,man_pilot,
ğŸ‘©â€âœˆï¸,woman pilot,woman_pilot,
ğŸ§‘â€ğŸš€,astronaut,astronaut,
ğŸ‘¨â€ğŸš€,man astronaut,man_astronaut,
ğŸ‘©â€ğŸš€,woman astronaut,woman_astronaut,
ğŸ§‘â€ğŸš’,firefighter,firefighter,
ğŸ‘¨â€ğŸš’,man firefighter,man_firefighter,
ğŸ‘©â€ğŸš’,woman firefighter,woman_firefighter,
ğŸ‘®,police officer,police_officer,
ğŸ‘®â€â™‚ï¸,man police officer,man_police_officer,
ğŸ‘®â€â™€ï¸,woman police officer,woman_police_officer,
ğŸ•µï¸,detective,detective,
ğŸ•µï¸â€â™‚ï¸,man detective,man_detective,
ğŸ•µï¸â€â™€ï¸,woman detective,woman_detective,
ğŸ’‚,guard,guard,
ğŸ’‚â€â™‚ï¸,man guard,man_guard,
ğŸ’‚â€â™€ï¸,woman guard,woman_guard,
ğŸ¥·,ninja,ninja,
ğŸ‘·,construction worker,construction_worker,
ğŸ‘·â€â™‚ï¸,man construction worker,man_construction_worker,
ğŸ‘·â€â™€ï¸,woman construction worker,woman_construction_worker,
ğŸ«…,person with crown,person_with_crown,
ğŸ¤´,prince,prince,
ğŸ‘¸,princess,princess,
ğŸ‘³,person wearing turban,person_wearing_turban,
ğŸ‘³â€â™‚ï¸,man wearing turban,man_wearing_turban,
ğŸ‘³â€â™€ï¸,woman wearing turban,woman_wearing_turban,
ğŸ‘²,person with skullcap,person_with_skullcap,
ğŸ§•,woman with headscarf,woman_with_headscarf,
ğŸ¤µ,person in tuxedo,person_in_tuxedo,
ğŸ¤µâ€â™‚ï¸,man in tuxedo,man_in_tuxedo,
ğŸ¤µâ€â™€ï¸,woman in tuxedo,woman_in_tuxedo,
ğŸ‘°,person with veil,person_with_veil,
ğŸ‘°â€â™‚ï¸,man with veil,man_with_veil,
ğŸ‘°â€â™€ï¸,woman with veil,woman_with_veil,
ğŸ¤°,pregnant woman,pregnant_woman,
ğŸ«ƒ,pregnant man,pregnant_man,
ğŸ«„,pregnant person,pregnant_person,
ğŸ¤±,breast-feeding,breast_feeding,
ğŸ‘©â€ğŸ¼,woman feeding baby,woman_feeding_baby,
ğŸ‘¨â€ğŸ¼,man feeding baby,man_feeding_baby,
ğŸ§‘â€ğŸ¼,person feeding baby,person_feeding_baby,
ğŸ‘¼,baby angel,baby_angel,
ğŸ…,Santa Claus,santa_claus,
ğŸ¤¶,Mrs. Claus,mrs_claus,
ğŸ§‘â€ğŸ„,Mx Claus,mx_claus,
ğŸ¦¸,superhero,superhero,
ğŸ¦¸â€â™‚ï¸,man superhero,man_superhero,
ğŸ¦¸â€â™€ï¸,woman superhero,woman_superhero,
ğŸ¦¹,supervillain,supervillain,
ğŸ¦¹â€â™‚ï¸,man supervillain,man_supervillain,
ğŸ¦¹â€â™€ï¸,woman supervillain,woman_supervillain,
ğŸ§™,mage,mage,
ğŸ§™â€â™‚ï¸,man mage,man_mage,
ğŸ§™â€â™€ï¸,woman mage,woman_mage,
ğŸ§š,fairy,fairy,
ğŸ§šâ€â™‚ï¸,man fairy,man_fairy,
ğŸ§šâ€â™€ï¸,woman fairy,woman_fairy,
ğŸ§›,vampire,vampire,
ğŸ§›â€â™‚ï¸,man vampire,man_vampire,
ğŸ§›â€â™€ï¸,woman vampire,woman_vampire,
ğŸ§œ,merperson,merperson,
ğŸ§œâ€â™‚ï¸,merman,merman,
ğŸ§œâ€â™€ï¸,mermaid,mermaid,
ğŸ§,elf,elf,
ğŸ§â€â™‚ï¸,man elf,man_elf,
ğŸ§â€â™€ï¸,woman elf,woman_elf,
ğŸ§,genie,genie,
ğŸ§â€â™‚ï¸,man genie,man_genie,
ğŸ§â€â™€ï¸,woman genie,woman_genie,
ğŸ§Ÿ,zombie,zombie,
ğŸ§Ÿâ€â™‚ï¸,man zombie,man_zombie,
ğŸ§Ÿâ€â™€ï¸,woman zombie,woman_zombie,
ğŸ§Œ,troll,troll,
ğŸ’†,person getting massage,person_getting_massage,
ğŸ’†â€â™‚ï¸,man getting massage,man_getting_massage,
ğŸ’†â€â™€ï¸,woman getting massage,woman_getting_massage,
ğŸ’‡,person getting haircut,person_getting_haircut,
ğŸ’‡â€â™‚ï¸,man getting haircut,man_getting_haircut,
ğŸ’‡â€â™€ï¸,woman getting haircut,woman_getting_haircut,
ğŸš¶,person walking,person_walking,
ğŸš¶â€â™‚ï¸,man walking,man_walking,
ğŸš¶â€â™€ï¸,woman walking,woman_walking,
ğŸš¶â€â¡ï¸,person walking facing right,person_walking_facing_right,
ğŸš¶â€â™€ï¸â€â¡ï¸,woman walking facing right,woman_walking_facing_right,
ğŸš¶â€â™‚ï¸â€â¡ï¸,man walking facing right,man_walking_facing_right,
ğŸ§,person standing,person_standing,
ğŸ§â€â™‚ï¸,man standing,man_standing,
ğŸ§â€â™€ï¸,woman standing,woman_standing,
ğŸ§,person kneeling,person_kneeling,
ğŸ§â€â™‚ï¸,man kneeling,man_kneeling,
ğŸ§â€â™€ï¸,woman kneeling,woman_kneeling,
ğŸ§â€â¡ï¸,person kneeling facing right,person_kneeling_facing_right,
ğŸ§â€â™€ï¸â€â¡ï¸,woman kneeling facing right,woman_kneeling_facing_right,
ğŸ§â€â™‚ï¸â€â¡ï¸,man kneeling facing right,man_kneeling_facing_right,
ğŸ§‘â€ğŸ¦¯,person with white cane,person_with_white_cane,
ğŸ§‘â€ğŸ¦¯â€â¡ï¸,person with white cane facing right,person_with_white_cane_facing_right,
ğŸ‘¨â€ğŸ¦¯,man with white cane,man_with_white_cane,
ğŸ‘¨â€ğŸ¦¯â€â¡ï¸,man with white cane facing right,man_with_white_cane_facing_right,
ğŸ‘©â€ğŸ¦¯,woman with white cane,woman_with_white_cane,
ğŸ‘©â€ğŸ¦¯â€â¡ï¸,woman with white cane facing right,woman_with_white_cane_facing_right,
ğŸ§‘â€ğŸ¦¼,person in motorized wheelchair,person_in_motorized_wheelchair,
ğŸ§‘â€ğŸ¦¼â€â¡ï¸,person in motorized wheelchair facing right,person_in_motorized_wheelchair_facing_right,
ğŸ‘¨â€ğŸ¦¼,man in motorized wheelchair,man_in_motorized_wheelchair,
ğŸ‘¨â€ğŸ¦¼â€â¡ï¸,man in motorized wheelchair facing right,man_in_motorized_wheelchair_facing_right,
ğŸ‘©â€ğŸ¦¼,woman in motorized wheelchair,woman_in_motorized_wheelchair,
ğŸ‘©â€ğŸ¦¼â€â¡ï¸,woman in motorized wheelchair facing right,woman_in_motorized_wheelchair_facing_right,
ğŸ§‘â€ğŸ¦½,person in manual wheelchair,person_in_manual_wheelchair,
ğŸ§‘â€ğŸ¦½â€â¡ï¸,person in manual wheelchair facing right,person_in_manual_wheelchair_facing_right,
ğŸ‘¨â€ğŸ¦½,man in manual wheelchair,man_in_manual_wheelchair,
ğŸ‘¨â€ğŸ¦½â€â¡ï¸,man in manual wheelchair facing right,man_in_manual_wheelchair_facing_right,
ğŸ‘©â€ğŸ¦½,woman in manual wheelchair,woman_in_manual_wheelchair,
ğŸ‘©â€ğŸ¦½â€â¡ï¸,woman in manual wheelchair facing right,woman_in_manual_wheelchair_facing_right,
ğŸƒ,person running,person_running,
ğŸƒâ€â™‚ï¸,man running,man_running,
ğŸƒâ€â™€ï¸,woman running,woman_running,
ğŸƒâ€â¡ï¸,person running facing right,person_running_facing_right,
ğŸƒâ€â™€ï¸â€â¡ï¸,woman running facing right,woman_running_facing_right,
ğŸƒâ€â™‚ï¸â€â¡ï¸,man running facing right,man_running_facing_right,
ğŸ’ƒ,woman dancing,woman_dancing,
ğŸ•º,man dancing,man_dancing,
ğŸ•´ï¸,person in suit levitating,person_in_suit_levitating,
ğŸ‘¯,people with bunny ears,people_with_bunny_ears,
ğŸ‘¯â€â™‚ï¸,men with bunny ears,men_with_bunny_ears,
ğŸ‘¯â€â™€ï¸,women with bunny ears,women_with_bunny_ears,
ğŸ§–,person in steamy room,person_in_steamy_room,
ğŸ§–â€â™‚ï¸,man in steamy room,man_in_steamy_room,
ğŸ§–â€â™€ï¸,woman in steamy room,woman_in_steamy_room,
ğŸ§—,person climbing,person_climbing,
ğŸ§—â€â™‚ï¸,man climbing,man_climbing,
ğŸ§—â€â™€ï¸,woman climbing,woman_climbing,
ğŸ¤º,person fencing,person_fencing,
ğŸ‡,horse racing,horse_racing,
â›·ï¸,skier,skier,
ğŸ‚,snowboarder,snowboarder,
ğŸŒï¸,person golfing,person_golfing,
ğŸŒï¸â€â™‚ï¸,man golfing,man_golfing,
ğŸŒï¸â€â™€ï¸,woman golfing,woman_golfing,
ğŸ„,person surfing,person_surfing,
ğŸ„â€â™‚ï¸,man surfing,man_surfing,
ğŸ„â€â™€ï¸,woman surfing,woman_surfing,
ğŸš£,person rowing boat,person_rowing_boat,
ğŸš£â€â™‚ï¸,man rowing boat,man_rowing_boat,
ğŸš£â€â™€ï¸,woman rowing boat,woman_rowing_boat,
ğŸŠ,person swimming,person_swimming,
ğŸŠâ€â™‚ï¸,man swimming,man_swimming,
ğŸŠâ€â™€ï¸,woman swimming,woman_swimming,
â›¹ï¸,person bouncing ball,person_bouncing_ball,
â›¹ï¸â€â™‚ï¸,man bouncing ball,man_bouncing_ball,
â›¹ï¸â€â™€ï¸,woman bouncing ball,woman_bouncing_ball,
ğŸ‹ï¸,person lifting weights,person_lifting_weights,
ğŸ‹ï¸â€â™‚ï¸,man lifting weights,man_lifting_weights,
ğŸ‹ï¸â€â™€ï¸,woman lifting weights,woman_lifting_weights,
ğŸš´,person biking,person_biking,
ğŸš´â€â™‚ï¸,man biking,man_biking,
ğŸš´â€â™€ï¸,woman biking,woman_biking,
ğŸšµ,person mountain biking,person_mountain_biking,
ğŸšµâ€â™‚ï¸,man mountain biking,man_mountain_biking,
ğŸšµâ€â™€ï¸,woman mountain biking,woman_mountain_biking,
ğŸ¤¸,person cartwheeling,person_cartwheeling,
ğŸ¤¸â€â™‚ï¸,man cartwheeling,man_cartwheeling,
ğŸ¤¸â€â™€ï¸,woman cartwheeling,woman_cartwheeling,
ğŸ¤¼,people wrestling,people_wrestling,
ğŸ¤¼â€â™‚ï¸,men wrestling,men_wrestling,
ğŸ¤¼â€â™€ï¸,women wrestling,women_wrestling,
ğŸ¤½,person playing water polo,person_playing_water_polo,
ğŸ¤½â€â™‚ï¸,man playing water polo,man_playing_water_polo,
ğŸ¤½â€â™€ï¸,woman playing water polo,woman_playing_water_polo,
ğŸ¤¾,person playing handball,person_playing_handball,
ğŸ¤¾â€â™‚ï¸,man playing handball,man_playing_handball,
ğŸ¤¾â€â™€ï¸,woman playing handball,woman_playing_handball,
ğŸ¤¹,person juggling,person_juggling,
ğŸ¤¹â€â™‚ï¸,man juggling,man_juggling,
ğŸ¤¹â€â™€ï¸,woman juggling,woman_juggling,
ğŸ§˜,person in lotus position,person_in_lotus_position,
ğŸ§˜â€â™‚ï¸,man in lotus position,man_in_lotus_position,
ğŸ§˜â€â™€ï¸,woman in lotus position,woman_in_lotus_position,
ğŸ›€,person taking bath,person_taking_bath,
ğŸ›Œ,person in bed,person_in_bed,
ğŸ§‘â€ğŸ¤â€ğŸ§‘,people holding hands,people_holding_hands,
ğŸ‘­,women holding hands,women_holding_hands,
ğŸ‘«,woman and man holding hands,woman_and_man_holding_hands,
ğŸ‘¬,men holding hands,men_holding_hands,
ğŸ’,kiss,kiss,
ğŸ‘©â€â¤ï¸â€ğŸ’‹â€ğŸ‘¨,"kiss woman, man",kiss_woman_man,
ğŸ‘¨â€â¤ï¸â€ğŸ’‹â€ğŸ‘¨,"kiss man, man",kiss_man_man,
ğŸ‘©â€â¤ï¸â€ğŸ’‹â€ğŸ‘©,"kiss woman, woman",kiss_woman_woman,
ğŸ’‘,couple with heart,couple_with_heart,
ğŸ‘©â€â¤ï¸â€ğŸ‘¨,"couple with heart woman, man",couple_with_heart_woman_man,
ğŸ‘¨â€â¤ï¸â€ğŸ‘¨,"couple with heart man, man",couple_with_heart_man_man,
ğŸ‘©â€â¤ï¸â€ğŸ‘©,"couple with heart woman, woman",couple_with_heart_woman_woman,
ğŸ‘¨â€ğŸ‘©â€ğŸ‘¦,"family man, woman, boy",family_man_woman_boy,
ğŸ‘¨â€ğŸ‘©â€ğŸ‘§,"family man, woman, girl",family_man_woman_girl,
ğŸ‘¨â€ğŸ‘©â€ğŸ‘§â€ğŸ‘¦,"family man, woman, girl, boy",family_man_woman_girl_boy,
ğŸ‘¨â€ğŸ‘©â€ğŸ‘¦â€ğŸ‘¦,"family man, woman, boy, boy",family_man_woman_boy_boy,
ğŸ‘¨â€ğŸ‘©â€ğŸ‘§â€ğŸ‘§,"family man, woman, girl, girl",family_man_woman_girl_girl,
ğŸ‘¨â€ğŸ‘¨â€ğŸ‘¦,"family man, man, boy",family_man_man_boy,
ğŸ‘¨â€ğŸ‘¨â€ğŸ‘§,"family man, man, girl",family_man_man_girl,
ğŸ‘¨â€ğŸ‘¨â€ğŸ‘§â€ğŸ‘¦,"family man, man, girl, boy",family_man_man_girl_boy,
ğŸ‘¨â€ğŸ‘¨â€ğŸ‘¦â€ğŸ‘¦,"family man, man, boy, boy",family_man_man_boy_boy,
ğŸ‘¨â€ğŸ‘¨â€ğŸ‘§â€ğŸ‘§,"family man, man, girl, girl",family_man_man_girl_girl,
ğŸ‘©â€ğŸ‘©â€ğŸ‘¦,"family woman, woman, boy",family_woman_woman_boy,
ğŸ‘©â€ğŸ‘©â€ğŸ‘§,"family woman, woman, girl",family_woman_woman_girl,
ğŸ‘©â€ğŸ‘©â€ğŸ‘§â€ğŸ‘¦,"family woman, woman, girl, boy",family_woman_woman_girl_boy,
ğŸ‘©â€ğŸ‘©â€ğŸ‘¦â€ğŸ‘¦,"family woman, woman, boy, boy",family_woman_woman_boy_boy,
ğŸ‘©â€ğŸ‘©â€ğŸ‘§â€ğŸ‘§,"family woman, woman, girl, girl",family_woman_woman_girl_girl,
ğŸ‘¨â€ğŸ‘¦,"family man, boy",family_man_boy,
ğŸ‘¨â€ğŸ‘¦â€ğŸ‘¦,"family man, boy, boy",family_man_boy_boy,
ğŸ‘¨â€ğŸ‘§,"family man, girl",family_man_girl,
ğŸ‘¨â€ğŸ‘§â€ğŸ‘¦,"family man, girl, boy",family_man_girl_boy,
ğŸ‘¨â€ğŸ‘§â€ğŸ‘§,"family man, girl, girl",family_man_girl_girl,
ğŸ‘©â€ğŸ‘¦,"family woman, boy",family_woman_boy,
ğŸ‘©â€ğŸ‘¦â€ğŸ‘¦,"family woman, boy, boy",family_woman_boy_boy,
ğŸ‘©â€ğŸ‘§,"family woman, girl",family_woman_girl,
ğŸ‘©â€ğŸ‘§â€ğŸ‘¦,"family woman, girl, boy",family_woman_girl_boy,
ğŸ‘©â€ğŸ‘§â€ğŸ‘§,"family woman, girl, girl",family_woman_girl_girl,
ğŸ—£ï¸,speaking head,speaking_head,
ğŸ‘¤,bust in silhouette,bust_in_silhouette,
ğŸ‘¥,busts in silhouette,busts_in_silhouette,
ğŸ«‚,people hugging,people_hugging,
ğŸ‘ª,family,family,
ğŸ§‘â€ğŸ§‘â€ğŸ§’,"family adult, adult, child",family_adult_adult_child,
ğŸ§‘â€ğŸ§‘â€ğŸ§’â€ğŸ§’,"family adult, adult, child, child",family_adult_adult_child_child,
ğŸ§‘â€ğŸ§’,"family adult, child",family_adult_child,
ğŸ§‘â€ğŸ§’â€ğŸ§’,"family adult, child, child",family_adult_child_child,
ğŸ‘£,footprints,footprints,
ğŸ«†,fingerprint,fingerprint,
ğŸµ,monkey face,monkey_face,
ğŸ’,monkey,monkey,
ğŸ¦,gorilla,gorilla,
ğŸ¦§,orangutan,orangutan,
ğŸ¶,dog face,dog_face,
ğŸ•,dog,dog,
ğŸ¦®,guide dog,guide_dog,
ğŸ•â€ğŸ¦º,service dog,service_dog,
ğŸ©,poodle,poodle,
ğŸº,wolf,wolf,
ğŸ¦Š,fox,fox,
ğŸ¦,raccoon,raccoon,
ğŸ±,cat face,cat_face,
ğŸˆ,cat,cat,
ğŸˆâ€â¬›,black cat,black_cat,
ğŸ¦,lion,lion,
ğŸ¯,tiger face,tiger_face,
ğŸ…,tiger,tiger,
ğŸ†,leopard,leopard,
ğŸ´,horse face,horse_face,
ğŸ«,moose,moose,
ğŸ«,donkey,donkey,
ğŸ,horse,horse,
ğŸ¦„,unicorn,unicorn,
ğŸ¦“,zebra,zebra,
ğŸ¦Œ,deer,deer,
ğŸ¦¬,bison,bison,
ğŸ®,cow face,cow_face,
ğŸ‚,ox,ox,
ğŸƒ,water buffalo,water_buffalo,
ğŸ„,cow,cow,
ğŸ·,pig face,pig_face,
ğŸ–,pig,pig,
ğŸ—,boar,boar,
ğŸ½,pig nose,pig_nose,
ğŸ,ram,ram,
ğŸ‘,ewe,ewe,
ğŸ,goat,goat,
ğŸª,camel,camel,
ğŸ«,two-hump camel,two_hump_camel,
ğŸ¦™,llama,llama,
ğŸ¦’,giraffe,giraffe,
ğŸ˜,elephant,elephant,
ğŸ¦£,mammoth,mammoth,
ğŸ¦,rhinoceros,rhinoceros,
ğŸ¦›,hippopotamus,hippopotamus,
ğŸ­,mouse face,mouse_face,
ğŸ,mouse,mouse,
ğŸ€,rat,rat,
ğŸ¹,hamster,hamster,
ğŸ°,rabbit face,rabbit_face,
ğŸ‡,rabbit,rabbit,
ğŸ¿ï¸,chipmunk,chipmunk,
ğŸ¦«,beaver,beaver,
ğŸ¦”,hedgehog,hedgehog,
ğŸ¦‡,bat,bat,
ğŸ»,bear,bear,
ğŸ»â€â„ï¸,polar bear,polar_bear,
ğŸ¨,koala,koala,
ğŸ¼,panda,panda,
ğŸ¦¥,sloth,sloth,
ğŸ¦¦,otter,otter,
ğŸ¦¨,skunk,skunk,
ğŸ¦˜,kangaroo,kangaroo,
ğŸ¦¡,badger,badger,
ğŸ¾,paw prints,paw_prints,
ğŸ¦ƒ,turkey,turkey,
ğŸ”,chicken,chicken,
ğŸ“,rooster,rooster,
ğŸ£,hatching chick,hatching_chick,
ğŸ¤,baby chick,baby_chick,
ğŸ¥,front-facing baby chick,front_facing_baby_chick,
ğŸ¦,bird,bird,
ğŸ§,penguin,penguin,
ğŸ•Šï¸,dove,dove,
ğŸ¦…,eagle,eagle,
ğŸ¦†,duck,duck,
ğŸ¦¢,swan,swan,
ğŸ¦‰,owl,owl,
ğŸ¦¤,dodo,dodo,
ğŸª¶,feather,feather,
ğŸ¦©,flamingo,flamingo,
ğŸ¦š,peacock,peacock,
ğŸ¦œ,parrot,parrot,
ğŸª½,wing,wing,
ğŸ¦â€â¬›,black bird,black_bird,
ğŸª¿,goose,goose,
ğŸ¦â€ğŸ”¥,phoenix,phoenix,
ğŸ¸,frog,frog,
ğŸŠ,crocodile,crocodile,
ğŸ¢,turtle,turtle,
ğŸ¦,lizard,lizard,
ğŸ,snake,snake,
ğŸ²,dragon face,dragon_face,
ğŸ‰,dragon,dragon,
ğŸ¦•,sauropod,sauropod,
ğŸ¦–,T-Rex,t_rex,
ğŸ³,spouting whale,spouting_whale,
ğŸ‹,whale,whale,
ğŸ¬,dolphin,dolphin,
ğŸ¦­,seal,seal,
ğŸŸ,fish,fish,
ğŸ ,tropical fish,tropical_fish,
ğŸ¡,blowfish,blowfish,
ğŸ¦ˆ,shark,shark,
ğŸ™,octopus,octopus,
ğŸš,spiral shell,spiral_shell,
ğŸª¸,coral,coral,
ğŸª¼,jellyfish,jellyfish,
ğŸ¦€,crab,crab,
ğŸ¦,lobster,lobster,
ğŸ¦,shrimp,shrimp,
ğŸ¦‘,squid,squid,
ğŸ¦ª,oyster,oyster,
ğŸŒ,snail,snail,
ğŸ¦‹,butterfly,butterfly,
ğŸ›,bug,bug,
ğŸœ,ant,ant,
ğŸ,honeybee,honeybee,
ğŸª²,beetle,beetle,
ğŸ,lady beetle,lady_beetle,
ğŸ¦—,cricket,cricket,
ğŸª³,cockroach,cockroach,
ğŸ•·ï¸,spider,spider,
ğŸ•¸ï¸,spider web,spider_web,
ğŸ¦‚,scorpion,scorpion,
ğŸ¦Ÿ,mosquito,mosquito,
ğŸª°,fly,fly,
ğŸª±,worm,worm,
ğŸ¦ ,microbe,microbe,
ğŸ’,bouquet,bouquet,
ğŸŒ¸,cherry blossom,cherry_blossom,
ğŸ’®,white flower,white_flower,
ğŸª·,lotus,lotus,
ğŸµï¸,rosette,rosette,
ğŸŒ¹,rose,rose,
ğŸ¥€,wilted flower,wilted_flower,
ğŸŒº,hibiscus,hibiscus,
ğŸŒ»,sunflower,sunflower,
ğŸŒ¼,blossom,blossom,
ğŸŒ·,tulip,tulip,
ğŸª»,hyacinth,hyacinth,
ğŸŒ±,seedling,seedling,
ğŸª´,potted plant,potted_plant,
ğŸŒ²,evergreen tree,evergreen_tree,
ğŸŒ³,deciduous tree,deciduous_tree,
ğŸŒ´,palm tree,palm_tree,
ğŸŒµ,cactus,cactus,
ğŸŒ¾,sheaf of rice,sheaf_of_rice,
ğŸŒ¿,herb,herb,
â˜˜ï¸,shamrock,shamrock,
ğŸ€,four leaf clover,four_leaf_clover,
ğŸ,maple leaf,maple_leaf,
ğŸ‚,fallen leaf,fallen_leaf,
ğŸƒ,leaf fluttering in wind,leaf_fluttering_in_wind,
ğŸª¹,empty nest,empty_nest,
ğŸªº,nest with eggs,nest_with_eggs,
ğŸ„,mushroom,mushroom,
ğŸª¾,leafless tree,leafless_tree,
ğŸ‡,grapes,grapes,
ğŸˆ,melon,melon,
ğŸ‰,watermelon,watermelon,
ğŸŠ,tangerine,tangerine,
ğŸ‹,lemon,lemon,
ğŸ‹â€ğŸŸ©,lime,lime,
ğŸŒ,banana,banana,
ğŸ,pineapple,pineapple,
ğŸ¥­,mango,mango,
ğŸ,red apple,red_apple,
ğŸ,green apple,green_apple,
ğŸ,pear,pear,
ğŸ‘,peach,peach,
ğŸ’,cherries,cherries,
ğŸ“,strawberry,strawberry,
ğŸ«,blueberries,blueberries,
ğŸ¥,kiwi fruit,kiwi_fruit,
ğŸ…,tomato,tomato,
ğŸ«’,olive,olive,
ğŸ¥¥,coconut,coconut,
ğŸ¥‘,avocado,avocado,
ğŸ†,eggplant,eggplant,
ğŸ¥”,potato,potato,
ğŸ¥•,carrot,carrot,
ğŸŒ½,ear of corn,ear_of_corn,
ğŸŒ¶ï¸,hot pepper,hot_pepper,
ğŸ«‘,bell pepper,bell_pepper,
ğŸ¥’,cucumber,cucumber,
ğŸ¥¬,leafy green,leafy_green,
ğŸ¥¦,broccoli,broccoli,
ğŸ§„,garlic,garlic,
ğŸ§…,onion,onion,
ğŸ¥œ,peanuts,peanuts,
ğŸ«˜,beans,beans,
ğŸŒ°,chestnut,chestnut,
ğŸ«š,ginger root,ginger_root,
ğŸ«›,pea pod,pea_pod,
ğŸ„â€ğŸŸ«,brown mushroom,brown_mushroom,
ğŸ«œ,root vegetable,root_vegetable,
ğŸ,bread,bread,
ğŸ¥,croissant,croissant,
ğŸ¥–,baguette bread,baguette_bread,
ğŸ«“,flatbread,flatbread,
ğŸ¥¨,pretzel,pretzel,
ğŸ¥¯,bagel,bagel,
ğŸ¥,pancakes,pancakes,
ğŸ§‡,waffle,waffle,
ğŸ§€,cheese wedge,cheese_wedge,
ğŸ–,meat on bone,meat_on_bone,
ğŸ—,poultry leg,poultry_leg,
ğŸ¥©,cut of meat,cut_of_meat,
ğŸ¥“,bacon,bacon,
ğŸ”,hamburger,hamburger,
ğŸŸ,french fries,french_fries,
ğŸ•,pizza,pizza,
ğŸŒ­,hot dog,hot_dog,
ğŸ¥ª,sandwich,sandwich,
ğŸŒ®,taco,taco,
ğŸŒ¯,burrito,burrito,
ğŸ«”,tamale,tamale,
ğŸ¥™,stuffed flatbread,stuffed_flatbread,
ğŸ§†,falafel,falafel,
ğŸ¥š,egg,egg,
ğŸ³,cooking,cooking,
ğŸ¥˜,shallow pan of food,shallow_pan_of_food,
ğŸ²,pot of food,pot_of_food,
ğŸ«•,fondue,fondue,
ğŸ¥£,bowl with spoon,bowl_with_spoon,
ğŸ¥—,green salad,green_salad,
ğŸ¿,popcorn,popcorn,
ğŸ§ˆ,butter,butter,
ğŸ§‚,salt,salt,
ğŸ¥«,canned food,canned_food,
ğŸ±,bento box,bento_box,
ğŸ˜,rice cracker,rice_cracker,
ğŸ™,rice ball,rice_ball,
ğŸš,cooked rice,cooked_rice,
ğŸ›,curry rice,curry_rice,
ğŸœ,steaming bowl,steaming_bowl,
ğŸ,spaghetti,spaghetti,
ğŸ ,roasted sweet potato,roasted_sweet_potato,
ğŸ¢,oden,oden,
ğŸ£,sushi,sushi,
ğŸ¤,fried shrimp,fried_shrimp,
ğŸ¥,fish cake with swirl,fish_cake_with_swirl,
ğŸ¥®,moon cake,moon_cake,
ğŸ¡,dango,dango,
ğŸ¥Ÿ,dumpling,dumpling,
ğŸ¥ ,fortune cookie,fortune_cookie,
ğŸ¥¡,takeout box,takeout_box,
ğŸ¦,soft ice cream,soft_ice_cream,
ğŸ§,shaved ice,shaved_ice,
ğŸ¨,ice cream,ice_cream,
ğŸ©,doughnut,doughnut,
ğŸª,cookie,cookie,
ğŸ‚,birthday cake,birthday_cake,
ğŸ°,shortcake,shortcake,
ğŸ§,cupcake,cupcake,
ğŸ¥§,pie,pie,
ğŸ«,chocolate bar,chocolate_bar,
ğŸ¬,candy,candy,
ğŸ­,lollipop,lollipop,
ğŸ®,custard,custard,
ğŸ¯,honey pot,honey_pot,
ğŸ¼,baby bottle,baby_bottle,
ğŸ¥›,glass of milk,glass_of_milk,
â˜•,hot beverage,hot_beverage,
ğŸ«–,teapot,teapot,
ğŸµ,teacup without handle,teacup_without_handle,
ğŸ¶,sake,sake,
ğŸ¾,bottle with popping cork,bottle_with_popping_cork,
ğŸ·,wine glass,wine_glass,
ğŸ¸,cocktail glass,cocktail_glass,
ğŸ¹,tropical drink,tropical_drink,
ğŸº,beer mug,beer_mug,
ğŸ»,clinking beer mugs,clinking_beer_mugs,
ğŸ¥‚,clinking glasses,clinking_glasses,
ğŸ¥ƒ,tumbler glass,tumbler_glass,
ğŸ«—,pouring liquid,pouring_liquid,
ğŸ¥¤,cup with straw,cup_with_straw,
ğŸ§‹,bubble tea,bubble_tea,
ğŸ§ƒ,beverage box,beverage_box,
ğŸ§‰,mate,mate,
ğŸ§Š,ice,ice,
ğŸ¥¢,chopsticks,chopsticks,
ğŸ½ï¸,fork and knife with plate,fork_and_knife_with_plate,
ğŸ´,fork and knife,fork_and_knife,
ğŸ¥„,spoon,spoon,
ğŸ”ª,kitchen knife,kitchen_knife,
ğŸ«™,jar,jar,
ğŸº,amphora,amphora,
ğŸŒ,globe showing Europe-Africa,globe_showing_europe_africa,
ğŸŒ,globe showing Americas,globe_showing_americas,
ğŸŒ,globe showing Asia-Australia,globe_showing_asia_australia,
ğŸŒ,globe with meridians,globe_with_meridians,
ğŸ—ºï¸,world map,world_map,
ğŸ—¾,map of Japan,map_of_japan,
ğŸ§­,compass,compass,
ğŸ”ï¸,snow-capped mountain,snow_capped_mountain,
â›°ï¸,mountain,mountain,
ğŸŒ‹,volcano,volcano,
ğŸ—»,mount fuji,mount_fuji,
ğŸ•ï¸,camping,camping,
ğŸ–ï¸,beach with umbrella,beach_with_umbrella,
ğŸœï¸,desert,desert,
ğŸï¸,desert island,desert_island,
ğŸï¸,national park,national_park,
ğŸŸï¸,stadium,stadium,
ğŸ›ï¸,classical building,classical_building,
ğŸ—ï¸,building construction,building_construction,
ğŸ§±,brick,brick,
ğŸª¨,rock,rock,
ğŸªµ,wood,wood,
ğŸ›–,hut,hut,
ğŸ˜ï¸,houses,houses,
ğŸšï¸,derelict house,derelict_house,
ğŸ ,house,house,
ğŸ¡,house with garden,house_with_garden,
ğŸ¢,office building,office_building,
ğŸ£,Japanese post office,japanese_post_office,
ğŸ¤,post office,post_office,
ğŸ¥,hospital,hospital,
ğŸ¦,bank,bank,
ğŸ¨,hotel,hotel,
ğŸ©,love hotel,love_hotel,
ğŸª,convenience store,convenience_store,
ğŸ«,school,school,
ğŸ¬,department store,department_store,
ğŸ­,factory,factory,
ğŸ¯,Japanese castle,japanese_castle,
ğŸ°,castle,castle,
ğŸ’’,wedding,wedding,
ğŸ—¼,Tokyo tower,tokyo_tower,
ğŸ—½,Statue of Liberty,statue_of_liberty,
â›ª,church,church,
ğŸ•Œ,mosque,mosque,
ğŸ›•,hindu temple,hindu_temple,
ğŸ•,synagogue,synagogue,
â›©ï¸,shinto shrine,shinto_shrine,
ğŸ•‹,kaaba,kaaba,
â›²,fountain,fountain,
â›º,tent,tent,
ğŸŒ,foggy,foggy,
ğŸŒƒ,night with stars,night_with_stars,
ğŸ™ï¸,cityscape,cityscape,
ğŸŒ„,sunrise over mountains,sunrise_over_mountains,
ğŸŒ…,sunrise,sunrise,
ğŸŒ†,cityscape at dusk,cityscape_at_dusk,
ğŸŒ‡,sunset,sunset,
ğŸŒ‰,bridge at night,bridge_at_night,
â™¨ï¸,hot springs,hot_springs,
ğŸ ,carousel horse,carousel_horse,
ğŸ›,playground slide,playground_slide,
ğŸ¡,ferris wheel,ferris_wheel,
ğŸ¢,roller coaster,roller_coaster,
ğŸ’ˆ,barber pole,barber_pole,
ğŸª,circus tent,circus_tent,
ğŸš‚,locomotive,locomotive,
ğŸšƒ,railway car,railway_car,
ğŸš„,high-speed train,high_speed_train,
ğŸš…,bullet train,bullet_train,
ğŸš†,train,train,
ğŸš‡,metro,metro,
ğŸšˆ,light rail,light_rail,
ğŸš‰,station,station,
ğŸšŠ,tram,tram,
ğŸš,monorail,monorail,
ğŸš,mountain railway,mountain_railway,
ğŸš‹,tram car,tram_car,
ğŸšŒ,bus,bus,
ğŸš,oncoming bus,oncoming_bus,
ğŸš,trolleybus,trolleybus,
ğŸš,minibus,minibus,
ğŸš‘,ambulance,ambulance,
ğŸš’,fire engine,fire_engine,
ğŸš“,police car,police_car,
ğŸš”,oncoming police car,oncoming_police_car,
ğŸš•,taxi,taxi,
ğŸš–,oncoming taxi,oncoming_taxi,
ğŸš—,automobile,automobile,
ğŸš˜,oncoming automobile,oncoming_automobile,
ğŸš™,sport utility vehicle,sport_utility_vehicle,
ğŸ›»,pickup truck,pickup_truck,
ğŸšš,delivery truck,delivery_truck,
ğŸš›,articulated lorry,articulated_lorry,
ğŸšœ,tractor,tractor,
ğŸï¸,racing car,racing_car,
ğŸï¸,motorcycle,motorcycle,
ğŸ›µ,motor scooter,motor_scooter,
ğŸ¦½,manual wheelchair,manual_wheelchair,
ğŸ¦¼,motorized wheelchair,motorized_wheelchair,
ğŸ›º,auto rickshaw,auto_rickshaw,
ğŸš²,bicycle,bicycle,
ğŸ›´,kick scooter,kick_scooter,
ğŸ›¹,skateboard,skateboard,
ğŸ›¼,roller skate,roller_skate,
ğŸš,bus stop,bus_stop,
ğŸ›£ï¸,motorway,motorway,
ğŸ›¤ï¸,railway track,railway_track,
ğŸ›¢ï¸,oil drum,oil_drum,
â›½,fuel pump,fuel_pump,
ğŸ›,wheel,wheel,
ğŸš¨,police car light,police_car_light,
ğŸš¥,horizontal traffic light,horizontal_traffic_light,
ğŸš¦,vertical traffic light,vertical_traffic_light,
ğŸ›‘,stop sign,stop_sign,
ğŸš§,construction,construction,
âš“,anchor,anchor,
ğŸ›Ÿ,ring buoy,ring_buoy,
â›µ,sailboat,sailboat,
ğŸ›¶,canoe,canoe,
ğŸš¤,speedboat,speedboat,
ğŸ›³ï¸,passenger ship,passenger_ship,
â›´ï¸,ferry,ferry,
ğŸ›¥ï¸,motor boat,motor_boat,
ğŸš¢,ship,ship,
âœˆï¸,airplane,airplane,
ğŸ›©ï¸,small airplane,small_airplane,
ğŸ›«,airplane departure,airplane_departure,
ğŸ›¬,airplane arrival,airplane_arrival,
ğŸª‚,parachute,parachute,
ğŸ’º,seat,seat,
ğŸš,helicopter,helicopter,
ğŸšŸ,suspension railway,suspension_railway,
ğŸš ,mountain cableway,mountain_cableway,
ğŸš¡,aerial tramway,aerial_tramway,
ğŸ›°ï¸,satellite,satellite,
ğŸš€,rocket,rocket,
ğŸ›¸,flying saucer,flying_saucer,
ğŸ›ï¸,bellhop bell,bellhop_bell,
ğŸ§³,luggage,luggage,
âŒ›,hourglass done,hourglass_done,
â³,hourglass not done,hourglass_not_done,
âŒš,watch,watch,
â°,alarm clock,alarm_clock,
â±ï¸,stopwatch,stopwatch,
â²ï¸,timer clock,timer_clock,
ğŸ•°ï¸,mantelpiece clock,mantelpiece_clock,
ğŸ•›,twelve oâ€™clock,twelve_o_clock,
ğŸ•§,twelve-thirty,twelve_thirty,
ğŸ•,one oâ€™clock,one_o_clock,
ğŸ•œ,one-thirty,one_thirty,
ğŸ•‘,two oâ€™clock,two_o_clock,
ğŸ•,two-thirty,two_thirty,
ğŸ•’,three oâ€™clock,three_o_clock,
ğŸ•,three-thirty,three_thirty,
ğŸ•“,four oâ€™clock,four_o_clock,
ğŸ•Ÿ,four-thirty,four_thirty,
ğŸ•”,five oâ€™clock,five_o_clock,
ğŸ• ,five-thirty,five_thirty,
ğŸ••,six oâ€™clock,six_o_clock,
ğŸ•¡,six-thirty,six_thirty,
ğŸ•–,seven oâ€™clock,seven_o_clock,
ğŸ•¢,seven-thirty,seven_thirty,
ğŸ•—,eight oâ€™clock,eight_o_clock,
ğŸ•£,eight-thirty,eight_thirty,
ğŸ•˜,nine oâ€™clock,nine_o_clock,
ğŸ•¤,nine-thirty,nine_thirty,
ğŸ•™,ten oâ€™clock,ten_o_clock,
ğŸ•¥,ten-thirty,ten_thirty,
ğŸ•š,eleven oâ€™clock,eleven_o_clock,
ğŸ•¦,eleven-thirty,eleven_thirty,
ğŸŒ‘,new moon,new_moon,
ğŸŒ’,waxing crescent moon,waxing_crescent_moon,
ğŸŒ“,first quarter moon,first_quarter_moon,
ğŸŒ”,waxing gibbous moon,waxing_gibbous_moon,
ğŸŒ•,full moon,full_moon,
ğŸŒ–,waning gibbous moon,waning_gibbous_moon,
ğŸŒ—,last quarter moon,last_quarter_moon,
ğŸŒ˜,waning crescent moon,waning_crescent_moon,
ğŸŒ™,crescent moon,crescent_moon,
ğŸŒš,new moon face,new_moon_face,
ğŸŒ›,first quarter moon face,first_quarter_moon_face,
ğŸŒœ,last quarter moon face,last_quarter_moon_face,
ğŸŒ¡ï¸,thermometer,thermometer,
â˜€ï¸,sun,sun,
ğŸŒ,full moon face,full_moon_face,
ğŸŒ,sun with face,sun_with_face,
ğŸª,ringed planet,ringed_planet,
â­,star,star,
ğŸŒŸ,glowing star,glowing_star,
ğŸŒ ,shooting star,shooting_star,
ğŸŒŒ,milky way,milky_way,
â˜ï¸,cloud,cloud,
â›…,sun behind cloud,sun_behind_cloud,
â›ˆï¸,cloud with lightning and rain,cloud_with_lightning_and_rain,
ğŸŒ¤ï¸,sun behind small cloud,sun_behind_small_cloud,
ğŸŒ¥ï¸,sun behind large cloud,sun_behind_large_cloud,
ğŸŒ¦ï¸,sun behind rain cloud,sun_behind_rain_cloud,
ğŸŒ§ï¸,cloud with rain,cloud_with_rain,
ğŸŒ¨ï¸,cloud with snow,cloud_with_snow,
ğŸŒ©ï¸,cloud with lightning,cloud_with_lightning,
ğŸŒªï¸,tornado,tornado,
ğŸŒ«ï¸,fog,fog,
ğŸŒ¬ï¸,wind face,wind_face,
ğŸŒ€,cyclone,cyclone,
ğŸŒˆ,rainbow,rainbow,
ğŸŒ‚,closed umbrella,closed_umbrella,
â˜‚ï¸,umbrella,umbrella,
â˜”,umbrella with rain drops,umbrella_with_rain_drops,
â›±ï¸,umbrella on ground,umbrella_on_ground,
âš¡,high voltage,high_voltage,
â„ï¸,snowflake,snowflake,
â˜ƒï¸,snowman,snowman,
â›„,snowman without snow,snowman_without_snow,
â˜„ï¸,comet,comet,
ğŸ”¥,fire,fire,
ğŸ’§,droplet,droplet,
ğŸŒŠ,water wave,water_wave,
ğŸƒ,jack-o-lantern,jack_o_lantern,
ğŸ„,Christmas tree,christmas_tree,
ğŸ†,fireworks,fireworks,
ğŸ‡,sparkler,sparkler,
ğŸ§¨,firecracker,firecracker,
âœ¨,sparkles,sparkles,
ğŸˆ,balloon,balloon,
ğŸ‰,party popper,party_popper,
ğŸŠ,confetti ball,confetti_ball,
ğŸ‹,tanabata tree,tanabata_tree,
ğŸ,pine decoration,pine_decoration,
ğŸ,Japanese dolls,japanese_dolls,
ğŸ,carp streamer,carp_streamer,
ğŸ,wind chime,wind_chime,
ğŸ‘,moon viewing ceremony,moon_viewing_ceremony,
ğŸ§§,red envelope,red_envelope,
ğŸ€,ribbon,ribbon,
ğŸ,wrapped gift,wrapped_gift,
ğŸ—ï¸,reminder ribbon,reminder_ribbon,
ğŸŸï¸,admission tickets,admission_tickets,
ğŸ«,ticket,ticket,
ğŸ–ï¸,military medal,military_medal,
ğŸ†,trophy,trophy,
ğŸ…,sports medal,sports_medal,
ğŸ¥‡,1st place medal,1st_place_medal,
ğŸ¥ˆ,2nd place medal,2nd_place_medal,
ğŸ¥‰,3rd place medal,3rd_place_medal,
âš½,soccer ball,soccer_ball,
âš¾,baseball,baseball,
ğŸ¥,softball,softball,
ğŸ€,basketball,basketball,
ğŸ,volleyball,volleyball,
ğŸˆ,american football,american_football,
ğŸ‰,rugby football,rugby_football,
ğŸ¾,tennis,tennis,
ğŸ¥,flying disc,flying_disc,
ğŸ³,bowling,bowling,
ğŸ,cricket game,cricket_game,
ğŸ‘,field hockey,field_hockey,
ğŸ’,ice hockey,ice_hockey,
ğŸ¥,lacrosse,lacrosse,
ğŸ“,ping pong,ping_pong,
ğŸ¸,badminton,badminton,
ğŸ¥Š,boxing glove,boxing_glove,
ğŸ¥‹,martial arts uniform,martial_arts_uniform,
ğŸ¥…,goal net,goal_net,
â›³,flag in hole,flag_in_hole,
â›¸ï¸,ice skate,ice_skate,
ğŸ£,fishing pole,fishing_pole,
ğŸ¤¿,diving mask,diving_mask,
ğŸ½,running shirt,running_shirt,
ğŸ¿,skis,skis,
ğŸ›·,sled,sled,
ğŸ¥Œ,curling stone,curling_stone,
ğŸ¯,bullseye,bullseye,
ğŸª€,yo-yo,yo_yo,
ğŸª,kite,kite,
ğŸ”«,water pistol,water_pistol,
ğŸ±,pool 8 ball,pool_8_ball,
ğŸ”®,crystal ball,crystal_ball,
ğŸª„,magic wand,magic_wand,
ğŸ®,video game,video_game,
ğŸ•¹ï¸,joystick,joystick,
ğŸ°,slot machine,slot_machine,
ğŸ²,game die,game_die,
ğŸ§©,puzzle piece,puzzle_piece,
ğŸ§¸,teddy bear,teddy_bear,
ğŸª…,piÃ±ata,pinata,
ğŸª©,mirror ball,mirror_ball,
ğŸª†,nesting dolls,nesting_dolls,
â™ ï¸,spade suit,spade_suit,
â™¥ï¸,heart suit,heart_suit,
â™¦ï¸,diamond suit,diamond_suit,
â™£ï¸,club suit,club_suit,
â™Ÿï¸,chess pawn,chess_pawn,
ğŸƒ,joker,joker,
ğŸ€„,mahjong red dragon,mahjong_red_dragon,
ğŸ´,flower playing cards,flower_playing_cards,
ğŸ­,performing arts,performing_arts,
ğŸ–¼ï¸,framed picture,framed_picture,
ğŸ¨,artist palette,artist_palette,
ğŸ§µ,thread,thread,
ğŸª¡,sewing needle,sewing_needle,
ğŸ§¶,yarn,yarn,
ğŸª¢,knot,knot,
ğŸ‘“,glasses,glasses,
ğŸ•¶ï¸,sunglasses,sunglasses,
ğŸ¥½,goggles,goggles,
ğŸ¥¼,lab coat,lab_coat,
ğŸ¦º,safety vest,safety_vest,
ğŸ‘”,necktie,necktie,
ğŸ‘•,t-shirt,t_shirt,
ğŸ‘–,jeans,jeans,
ğŸ§£,scarf,scarf,
ğŸ§¤,gloves,gloves,
ğŸ§¥,coat,coat,
ğŸ§¦,socks,socks,
ğŸ‘—,dress,dress,
ğŸ‘˜,kimono,kimono,
ğŸ¥»,sari,sari,
ğŸ©±,one-piece swimsuit,one_piece_swimsuit,
ğŸ©²,briefs,briefs,
ğŸ©³,shorts,shorts,
ğŸ‘™,bikini,bikini,
ğŸ‘š,womanâ€™s clothes,woman_s_clothes,
ğŸª­,folding hand fan,folding_hand_fan,
ğŸ‘›,purse,purse,
ğŸ‘œ,handbag,handbag,
ğŸ‘,clutch bag,clutch_bag,
ğŸ›ï¸,shopping bags,shopping_bags,
ğŸ’,backpack,backpack,
ğŸ©´,thong sandal,thong_sandal,
ğŸ‘,manâ€™s shoe,man_s_shoe,
ğŸ‘Ÿ,running shoe,running_shoe,
ğŸ¥¾,hiking boot,hiking_boot,
ğŸ¥¿,flat shoe,flat_shoe,
ğŸ‘ ,high-heeled shoe,high_heeled_shoe,
ğŸ‘¡,womanâ€™s sandal,woman_s_sandal,
ğŸ©°,ballet shoes,ballet_shoes,
ğŸ‘¢,womanâ€™s boot,woman_s_boot,
ğŸª®,hair pick,hair_pick,
ğŸ‘‘,crown,crown,
ğŸ‘’,womanâ€™s hat,woman_s_hat,
ğŸ©,top hat,top_hat,
ğŸ“,graduation cap,graduation_cap,
ğŸ§¢,billed cap,billed_cap,
ğŸª–,military helmet,military_helmet,
â›‘ï¸,rescue workerâ€™s helmet,rescue_worker_s_helmet,
ğŸ“¿,prayer beads,prayer_beads,
ğŸ’„,lipstick,lipstick,
ğŸ’,ring,ring,
ğŸ’,gem stone,gem_stone,
ğŸ”‡,muted speaker,muted_speaker,
ğŸ”ˆ,speaker low volume,speaker_low_volume,
ğŸ”‰,speaker medium volume,speaker_medium_volume,
ğŸ”Š,speaker high volume,speaker_high_volume,
ğŸ“¢,loudspeaker,loudspeaker,
ğŸ“£,megaphone,megaphone,
ğŸ“¯,postal horn,postal_horn,
ğŸ””,bell,bell,
ğŸ”•,bell with slash,bell_with_slash,
ğŸ¼,musical score,musical_score,
ğŸµ,musical note,musical_note,
ğŸ¶,musical notes,musical_notes,
ğŸ™ï¸,studio microphone,studio_microphone,
ğŸšï¸,level slider,level_slider,
ğŸ›ï¸,control knobs,control_knobs,
ğŸ¤,microphone,microphone,
ğŸ§,headphone,headphone,
ğŸ“»,radio,radio,
ğŸ·,saxophone,saxophone,
ğŸª—,accordion,accordion,
ğŸ¸,guitar,guitar,
ğŸ¹,musical keyboard,musical_keyboard,
ğŸº,trumpet,trumpet,
ğŸ»,violin,violin,
ğŸª•,banjo,banjo,
ğŸ¥,drum,drum,
ğŸª˜,long drum,long_drum,
ğŸª‡,maracas,maracas,
ğŸªˆ,flute,flute,
ğŸª‰,harp,harp,
ğŸ“±,mobile phone,mobile_phone,
ğŸ“²,mobile phone with arrow,mobile_phone_with_arrow,
â˜ï¸,telephone,telephone,
ğŸ“,telephone receiver,telephone_receiver,
ğŸ“Ÿ,pager,pager,
ğŸ“ ,fax machine,fax_machine,
ğŸ”‹,battery,battery,
ğŸª«,low battery,low_battery,
ğŸ”Œ,electric plug,electric_plug,
ğŸ’»,laptop,laptop,
ğŸ–¥ï¸,desktop computer,desktop_computer,
ğŸ–¨ï¸,printer,printer,
âŒ¨ï¸,keyboard,keyboard,
ğŸ–±ï¸,computer mouse,computer_mouse,
ğŸ–²ï¸,trackball,trackball,
ğŸ’½,computer disk,computer_disk,
ğŸ’¾,floppy disk,floppy_disk,
ğŸ’¿,optical disk,optical_disk,
ğŸ“€,dvd,dvd,
ğŸ§®,abacus,abacus,
ğŸ¥,movie camera,movie_camera,
ğŸï¸,film frames,film_frames,
ğŸ“½ï¸,film projector,film_projector,
ğŸ¬,clapper board,clapper_board,
ğŸ“º,television,television,
ğŸ“·,camera,camera,
ğŸ“¸,camera with flash,camera_with_flash,
ğŸ“¹,video camera,video_camera,
ğŸ“¼,videocassette,videocassette,
ğŸ”,magnifying glass tilted left,magnifying_glass_tilted_left,
ğŸ”,magnifying glass tilted right,magnifying_glass_tilted_right,
ğŸ•¯ï¸,candle,candle,
ğŸ’¡,light bulb,light_bulb,
ğŸ”¦,flashlight,flashlight,
ğŸ®,red paper lantern,red_paper_lantern,
ğŸª”,diya lamp,diya_lamp,
ğŸ“”,notebook with decorative cover,notebook_with_decorative_cover,
ğŸ“•,closed book,closed_book,
ğŸ“–,open book,open_book,
ğŸ“—,green book,green_book,
ğŸ“˜,blue book,blue_book,
ğŸ“™,orange book,orange_book,
ğŸ“š,books,books,
ğŸ““,notebook,notebook,
ğŸ“’,ledger,ledger,
ğŸ“ƒ,page with curl,page_with_curl,
ğŸ“œ,scroll,scroll,
ğŸ“„,page facing up,page_facing_up,
ğŸ“°,newspaper,newspaper,
ğŸ—ï¸,rolled-up newspaper,rolled_up_newspaper,
ğŸ“‘,bookmark tabs,bookmark_tabs,
ğŸ”–,bookmark,bookmark,
ğŸ·ï¸,label,label,
ğŸ’°,money bag,money_bag,
ğŸª™,coin,coin,
ğŸ’´,yen banknote,yen_banknote,
ğŸ’µ,dollar banknote,dollar_banknote,
ğŸ’¶,euro banknote,euro_banknote,
ğŸ’·,pound banknote,pound_banknote,
ğŸ’¸,money with wings,money_with_wings,
ğŸ’³,credit card,credit_card,
ğŸ§¾,receipt,receipt,
ğŸ’¹,chart increasing with yen,chart_increasing_with_yen,
âœ‰ï¸,envelope,envelope,
ğŸ“§,e-mail,e_mail,
ğŸ“¨,incoming envelope,incoming_envelope,
ğŸ“©,envelope with arrow,envelope_with_arrow,
ğŸ“¤,outbox tray,outbox_tray,
ğŸ“¥,inbox tray,inbox_tray,
ğŸ“¦,package,package,
ğŸ“«,closed mailbox with raised flag,closed_mailbox_with_raised_flag,
ğŸ“ª,closed mailbox with lowered flag,closed_mailbox_with_lowered_flag,
ğŸ“¬,open mailbox with raised flag,open_mailbox_with_raised_flag,
ğŸ“­,open mailbox with lowered flag,open_mailbox_with_lowered_flag,
ğŸ“®,postbox,postbox,
ğŸ—³ï¸,ballot box with ballot,ballot_box_with_ballot,
âœï¸,pencil,pencil,
âœ’ï¸,black nib,black_nib,
ğŸ–‹ï¸,fountain pen,fountain_pen,
ğŸ–Šï¸,pen,pen,
ğŸ–Œï¸,paintbrush,paintbrush,
ğŸ–ï¸,crayon,crayon,
ğŸ“,memo,memo,
ğŸ’¼,briefcase,briefcase,
ğŸ“,file folder,file_folder,
ğŸ“‚,open file folder,open_file_folder,
ğŸ—‚ï¸,card index dividers,card_index_dividers,
ğŸ“…,calendar,calendar,
ğŸ“†,tear-off calendar,tear_off_calendar,
ğŸ—’ï¸,spiral notepad,spiral_notepad,
ğŸ—“ï¸,spiral calendar,spiral_calendar,
ğŸ“‡,card index,card_index,
ğŸ“ˆ,chart increasing,chart_increasing,
ğŸ“‰,chart decreasing,chart_decreasing,
ğŸ“Š,bar chart,bar_chart,
ğŸ“‹,clipboard,clipboard,
ğŸ“Œ,pushpin,pushpin,
ğŸ“,round pushpin,round_pushpin,
ğŸ“,paperclip,paperclip,
ğŸ–‡ï¸,linked paperclips,linked_paperclips,
ğŸ“,straight ruler,straight_ruler,
ğŸ“,triangular ruler,triangular_ruler,
âœ‚ï¸,scissors,scissors,
ğŸ—ƒï¸,card file box,card_file_box,
ğŸ—„ï¸,file cabinet,file_cabinet,
ğŸ—‘ï¸,wastebasket,wastebasket,
ğŸ”’,locked,locked,
ğŸ”“,unlocked,unlocked,
ğŸ”,locked with pen,locked_with_pen,
ğŸ”,locked with key,locked_with_key,
ğŸ”‘,key,key,
ğŸ—ï¸,old key,old_key,
ğŸ”¨,hammer,hammer,
ğŸª“,axe,axe,
â›ï¸,pick,pick,
âš’ï¸,hammer and pick,hammer_and_pick,
ğŸ› ï¸,hammer and wrench,hammer_and_wrench,
ğŸ—¡ï¸,dagger,dagger,
âš”ï¸,crossed swords,crossed_swords,
ğŸ’£,bomb,bomb,
ğŸªƒ,boomerang,boomerang,
ğŸ¹,bow and arrow,bow_and_arrow,
ğŸ›¡ï¸,shield,shield,
ğŸªš,carpentry saw,carpentry_saw,
ğŸ”§,wrench,wrench,
ğŸª›,screwdriver,screwdriver,
ğŸ”©,nut and bolt,nut_and_bolt,
âš™ï¸,gear,gear,
ğŸ—œï¸,clamp,clamp,
âš–ï¸,balance scale,balance_scale,
ğŸ¦¯,white cane,white_cane,
ğŸ”—,link,link,
â›“ï¸â€ğŸ’¥,broken chain,broken_chain,
â›“ï¸,chains,chains,
ğŸª,hook,hook,
ğŸ§°,toolbox,toolbox,
ğŸ§²,magnet,magnet,
ğŸªœ,ladder,ladder,
ğŸª,shovel,shovel,
âš—ï¸,alembic,alembic,
ğŸ§ª,test tube,test_tube,
ğŸ§«,petri dish,petri_dish,
ğŸ§¬,dna,dna,
ğŸ”¬,microscope,microscope,
ğŸ”­,telescope,telescope,
ğŸ“¡,satellite antenna,satellite_antenna,
ğŸ’‰,syringe,syringe,
ğŸ©¸,drop of blood,drop_of_blood,
ğŸ’Š,pill,pill,
ğŸ©¹,adhesive bandage,adhesive_bandage,
ğŸ©¼,crutch,crutch,
ğŸ©º,stethoscope,stethoscope,
ğŸ©»,x-ray,x_ray,
ğŸšª,door,door,
ğŸ›—,elevator,elevator,
ğŸª,mirror,mirror,
ğŸªŸ,window,window,
ğŸ›ï¸,bed,bed,
ğŸ›‹ï¸,couch and lamp,couch_and_lamp,
ğŸª‘,chair,chair,
ğŸš½,toilet,toilet,
ğŸª ,plunger,plunger,
ğŸš¿,shower,shower,
ğŸ›,bathtub,bathtub,
ğŸª¤,mouse trap,mouse_trap,
ğŸª’,razor,razor,
ğŸ§´,lotion bottle,lotion_bottle,
ğŸ§·,safety pin,safety_pin,
ğŸ§¹,broom,broom,
ğŸ§º,basket,basket,
ğŸ§»,roll of paper,roll_of_paper,
ğŸª£,bucket,bucket,
ğŸ§¼,soap,soap,
ğŸ«§,bubbles,bubbles,
ğŸª¥,toothbrush,toothbrush,
ğŸ§½,sponge,sponge,
ğŸ§¯,fire extinguisher,fire_extinguisher,
ğŸ›’,shopping cart,shopping_cart,
ğŸš¬,cigarette,cigarette,
âš°ï¸,coffin,coffin,
ğŸª¦,headstone,headstone,
âš±ï¸,funeral urn,funeral_urn,
ğŸ§¿,nazar amulet,nazar_amulet,
ğŸª¬,hamsa,hamsa,
ğŸ—¿,moai,moai,
ğŸª§,placard,placard,
ğŸªª,identification card,identification_card,
ğŸ§,ATM sign,atm_sign,
ğŸš®,litter in bin sign,litter_in_bin_sign,
ğŸš°,potable water,potable_water,
â™¿,wheelchair symbol,wheelchair_symbol,
ğŸš¹,menâ€™s room,men_s_room,
ğŸšº,womenâ€™s room,women_s_room,
ğŸš»,restroom,restroom,
ğŸš¼,baby symbol,baby_symbol,
ğŸš¾,water closet,water_closet,
ğŸ›‚,passport control,passport_control,
ğŸ›ƒ,customs,customs,
ğŸ›„,baggage claim,baggage_claim,
ğŸ›…,left luggage,left_luggage,
âš ï¸,warning,warning,
ğŸš¸,children crossing,children_crossing,
â›”,no entry,no_entry,
ğŸš«,prohibited,prohibited,
ğŸš³,no bicycles,no_bicycles,
ğŸš­,no smoking,no_smoking,
ğŸš¯,no littering,no_littering,
ğŸš±,non-potable water,non_potable_water,
ğŸš·,no pedestrians,no_pedestrians,
ğŸ“µ,no mobile phones,no_mobile_phones,
ğŸ”,no one under eighteen,no_one_under_eighteen,
â˜¢ï¸,radioactive,radioactive,
â˜£ï¸,biohazard,biohazard,
â¬†ï¸,up arrow,up_arrow,
â†—ï¸,up-right arrow,up_right_arrow,
â¡ï¸,right arrow,right_arrow,
â†˜ï¸,down-right arrow,down_right_arrow,
â¬‡ï¸,down arrow,down_arrow,
â†™ï¸,down-left arrow,down_left_arrow,
â¬…ï¸,left arrow,left_arrow,
â†–ï¸,up-left arrow,up_left_arrow,
â†•ï¸,up-down arrow,up_down_arrow,
â†”ï¸,left-right arrow,left_right_arrow,
â†©ï¸,right arrow curving left,right_arrow_curving_left,
â†ªï¸,left arrow curving right,left_arrow_curving_right,
â¤´ï¸,right arrow curving up,right_arrow_curving_up,
â¤µï¸,right arrow curving down,right_arrow_curving_down,
ğŸ”ƒ,clockwise vertical arrows,clockwise_vertical_arrows,
ğŸ”„,counterclockwise arrows button,counterclockwise_arrows_button,
ğŸ”™,BACK arrow,back_arrow,
ğŸ”š,END arrow,end_arrow,
ğŸ”›,ON! arrow,on_arrow,
ğŸ”œ,SOON arrow,soon_arrow,
ğŸ”,TOP arrow,top_arrow,
ğŸ›,place of worship,place_of_worship,
âš›ï¸,atom symbol,atom_symbol,
ğŸ•‰ï¸,om,om,
âœ¡ï¸,star of David,star_of_david,
â˜¸ï¸,wheel of dharma,wheel_of_dharma,
â˜¯ï¸,yin yang,yin_yang,
âœï¸,latin cross,latin_cross,
â˜¦ï¸,orthodox cross,orthodox_cross,
â˜ªï¸,star and crescent,star_and_crescent,
â˜®ï¸,peace symbol,peace_symbol,
ğŸ•,menorah,menorah,
ğŸ”¯,dotted six-pointed star,dotted_six_pointed_star,
ğŸª¯,khanda,khanda,
â™ˆ,Aries,aries,
â™‰,Taurus,taurus,
â™Š,Gemini,gemini,
â™‹,Cancer,cancer,
â™Œ,Leo,leo,
â™,Virgo,virgo,
â™,Libra,libra,
â™,Scorpio,scorpio,
â™,Sagittarius,sagittarius,
â™‘,Capricorn,capricorn,
â™’,Aquarius,aquarius,
â™“,Pisces,pisces,
â›,Ophiuchus,ophiuchus,
ğŸ”€,shuffle tracks button,shuffle_tracks_button,
ğŸ”,repeat button,repeat_button,
ğŸ”‚,repeat single button,repeat_single_button,
â–¶ï¸,play button,play_button,
â©,fast-forward button,fast_forward_button,
â­ï¸,next track button,next_track_button,
â¯ï¸,play or pause button,play_or_pause_button,
â—€ï¸,reverse button,reverse_button,
âª,fast reverse button,fast_reverse_button,
â®ï¸,last track button,last_track_button,
ğŸ”¼,upwards button,upwards_button,
â«,fast up button,fast_up_button,
ğŸ”½,downwards button,downwards_button,
â¬,fast down button,fast_down_button,
â¸ï¸,pause button,pause_button,
â¹ï¸,stop button,stop_button,
âºï¸,record button,record_button,
âï¸,eject button,eject_button,
ğŸ¦,cinema,cinema,
ğŸ”…,dim button,dim_button,
ğŸ”†,bright button,bright_button,
ğŸ“¶,antenna bars,antenna_bars,
ğŸ›œ,wireless,wireless,
ğŸ“³,vibration mode,vibration_mode,
ğŸ“´,mobile phone off,mobile_phone_off,
â™€ï¸,female sign,female_sign,
â™‚ï¸,male sign,male_sign,
âš§ï¸,transgender symbol,transgender_symbol,
âœ–ï¸,multiply,multiply,
â•,plus,plus,
â–,minus,minus,
â—,divide,divide,
ğŸŸ°,heavy equals sign,heavy_equals_sign,
â™¾ï¸,infinity,infinity,
â€¼ï¸,double exclamation mark,double_exclamation_mark,
â‰ï¸,exclamation question mark,exclamation_question_mark,
â“,red question mark,red_question_mark,
â”,white question mark,white_question_mark,
â•,white exclamation mark,white_exclamation_mark,
â—,red exclamation mark,red_exclamation_mark,
ã€°ï¸,wavy dash,wavy_dash,
ğŸ’±,currency exchange,currency_exchange,
ğŸ’²,heavy dollar sign,heavy_dollar_sign,
âš•ï¸,medical symbol,medical_symbol,
â™»ï¸,recycling symbol,recycling_symbol,
âšœï¸,fleur-de-lis,fleur_de_lis,
ğŸ”±,trident emblem,trident_emblem,
ğŸ“›,name badge,name_badge,
ğŸ”°,Japanese symbol for beginner,japanese_symbol_for_beginner,
â­•,hollow red circle,hollow_red_circle,
âœ…,check mark button,check_mark_button,
â˜‘ï¸,check box with check,check_box_with_check,
âœ”ï¸,check mark,check_mark,
âŒ,cross mark,cross_mark,
â,cross mark button,cross_mark_button,
â°,curly loop,curly_loop,
â¿,double curly loop,double_curly_loop,
ã€½ï¸,part alternation mark,part_alternation_mark,
âœ³ï¸,eight-spoked asterisk,eight_spoked_asterisk,
âœ´ï¸,eight-pointed star,eight_pointed_star,
â‡ï¸,sparkle,sparkle,
Â©ï¸,copyright,copyright,
Â®ï¸,registered,registered,
â„¢ï¸,trade mark,trade_mark,
ğŸ«Ÿ,splatter,splatter,
#ï¸âƒ£,keycap #,keycap_number_sign,
*ï¸âƒ£,keycap *,keycap_asterisk,
0ï¸âƒ£,keycap 0,keycap_0,
1ï¸âƒ£,keycap 1,keycap_1,
2ï¸âƒ£,keycap 2,keycap_2,
3ï¸âƒ£,keycap 3,keycap_3,
4ï¸âƒ£,keycap 4,keycap_4,
5ï¸âƒ£,keycap 5,keycap_5,
6ï¸âƒ£,keycap 6,keycap_6,
7ï¸âƒ£,keycap 7,keycap_7,
8ï¸âƒ£,keycap 8,keycap_8,
9ï¸âƒ£,keycap 9,keycap_9,
ğŸ”Ÿ,keycap 10,keycap_10,
ğŸ” ,input latin uppercase,input_latin_uppercase,
ğŸ”¡,input latin lowercase,input_latin_lowercase,
ğŸ”¢,input numbers,input_numbers,
ğŸ”£,input symbols,input_symbols,
ğŸ”¤,input latin letters,input_latin_letters,
ğŸ…°ï¸,A button (blood type),a_button,
ğŸ†,AB button (blood type),ab_button,
ğŸ…±ï¸,B button (blood type),b_button,
ğŸ†‘,CL button,cl_button,
ğŸ†’,COOL button,cool_button,
ğŸ†“,FREE button,free_button,
â„¹ï¸,information,information,
ğŸ†”,ID button,id_button,
â“‚ï¸,circled M,circled_m,
ğŸ†•,NEW button,new_button,
ğŸ†–,NG button,ng_button,
ğŸ…¾ï¸,O button (blood type),o_button,
ğŸ†—,OK button,ok_button,
ğŸ…¿ï¸,P button,p_button,
ğŸ†˜,SOS button,sos_button,
ğŸ†™,UP! button,up_button,
ğŸ†š,VS button,vs_button,
ğŸˆ,Japanese â€œhereâ€ button,japanese_here_button,
ğŸˆ‚ï¸,Japanese â€œservice chargeâ€ button,japanese_service_charge_button,
ğŸˆ·ï¸,Japanese â€œmonthly amountâ€ button,japanese_monthly_amount_button,
ğŸˆ¶,Japanese â€œnot free of chargeâ€ button,japanese_not_free_of_charge_button,
ğŸˆ¯,Japanese â€œreservedâ€ button,japanese_reserved_button,
ğŸ‰,Japanese â€œbargainâ€ button,japanese_bargain_button,
ğŸˆ¹,Japanese â€œdiscountâ€ button,japanese_discount_button,
ğŸˆš,Japanese â€œfree of chargeâ€ button,japanese_free_of_charge_button,
ğŸˆ²,Japanese â€œprohibitedâ€ button,japanese_prohibited_button,
ğŸ‰‘,Japanese â€œacceptableâ€ button,japanese_acceptable_button,
ğŸˆ¸,Japanese â€œapplicationâ€ button,japanese_application_button,
ğŸˆ´,Japanese â€œpassing gradeâ€ button,japanese_passing_grade_button,
ğŸˆ³,Japanese â€œvacancyâ€ button,japanese_vacancy_button,
ãŠ—ï¸,Japanese â€œcongratulationsâ€ button,japanese_congratulations_button,
ãŠ™ï¸,Japanese â€œsecretâ€ button,japanese_secret_button,
ğŸˆº,Japanese â€œopen for businessâ€ button,japanese_open_for_business_button,
ğŸˆµ,Japanese â€œno vacancyâ€ button,japanese_no_vacancy_button,
ğŸ”´,red circle,red_circle,
ğŸŸ ,orange circle,orange_circle,
ğŸŸ¡,yellow circle,yellow_circle,
ğŸŸ¢,green circle,green_circle,
ğŸ”µ,blue circle,blue_circle,
ğŸŸ£,purple circle,purple_circle,
ğŸŸ¤,brown circle,brown_circle,
âš«,black circle,black_circle,
âšª,white circle,white_circle,
ğŸŸ¥,red square,red_square,
ğŸŸ§,orange square,orange_square,
ğŸŸ¨,yellow square,yellow_square,
ğŸŸ©,green square,green_square,
ğŸŸ¦,blue square,blue_square,
ğŸŸª,purple square,purple_square,
ğŸŸ«,brown square,brown_square,
â¬›,black large square,black_large_square,
â¬œ,white large square,white_large_square,
â—¼ï¸,black medium square,black_medium_square,
â—»ï¸,white medium square,white_medium_square,
â—¾,black medium-small square,black_medium_small_square,
â—½,white medium-small square,white_medium_small_square,
â–ªï¸,black small square,black_small_square,
â–«ï¸,white small square,white_small_square,
ğŸ”¶,large orange diamond,large_orange_diamond,
ğŸ”·,large blue diamond,large_blue_diamond,
ğŸ”¸,small orange diamond,small_orange_diamond,
ğŸ”¹,small blue diamond,small_blue_diamond,
ğŸ”º,red triangle pointed up,red_triangle_pointed_up,
ğŸ”»,red triangle pointed down,red_triangle_pointed_down,
ğŸ’ ,diamond with a dot,diamond_with_a_dot,
ğŸ”˜,radio button,radio_button,
ğŸ”³,white square button,white_square_button,
ğŸ”²,black square button,black_square_button,
ğŸ,chequered flag,chequered_flag,
ğŸš©,triangular flag,triangular_flag,
ğŸŒ,crossed flags,crossed_flags,
ğŸ´,black flag,black_flag,
ğŸ³ï¸,white flag,white_flag,
ğŸ³ï¸â€ğŸŒˆ,rainbow flag,rainbow_flag,
ğŸ³ï¸â€âš§ï¸,transgender flag,transgender_flag,
ğŸ´â€â˜ ï¸,pirate flag,pirate_flag,
ğŸ‡¦ğŸ‡¨,flag Ascension Island,flag_ascension_island,
ğŸ‡¦ğŸ‡©,flag Andorra,flag_andorra,
ğŸ‡¦ğŸ‡ª,flag United Arab Emirates,flag_united_arab_emirates,
ğŸ‡¦ğŸ‡«,flag Afghanistan,flag_afghanistan,
ğŸ‡¦ğŸ‡¬,flag Antigua & Barbuda,flag_antigua_barbuda,
ğŸ‡¦ğŸ‡®,flag Anguilla,flag_anguilla,
ğŸ‡¦ğŸ‡±,flag Albania,flag_albania,
ğŸ‡¦ğŸ‡²,flag Armenia,flag_armenia,
ğŸ‡¦ğŸ‡´,flag Angola,flag_angola,
ğŸ‡¦ğŸ‡¶,flag Antarctica,flag_antarctica,
ğŸ‡¦ğŸ‡·,flag Argentina,flag_argentina,
ğŸ‡¦ğŸ‡¸,flag American Samoa,flag_american_samoa,
ğŸ‡¦ğŸ‡¹,flag Austria,flag_austria,
ğŸ‡¦ğŸ‡º,flag Australia,flag_australia,
ğŸ‡¦ğŸ‡¼,flag Aruba,flag_aruba,
ğŸ‡¦ğŸ‡½,flag Ã…land Islands,flag_aland_islands,
ğŸ‡¦ğŸ‡¿,flag Azerbaijan,flag_azerbaijan,
ğŸ‡§ğŸ‡¦,flag Bosnia & Herzegovina,flag_bosnia_herzegovina,
ğŸ‡§ğŸ‡§,flag Barbados,flag_barbados,
ğŸ‡§ğŸ‡©,flag Bangladesh,flag_bangladesh,
ğŸ‡§ğŸ‡ª,flag Belgium,flag_belgium,
ğŸ‡§ğŸ‡«,flag Burkina Faso,flag_burkina_faso,
ğŸ‡§ğŸ‡¬,flag Bulgaria,flag_bulgaria,
ğŸ‡§ğŸ‡­,flag Bahrain,flag_bahrain,
ğŸ‡§ğŸ‡®,flag Burundi,flag_burundi,
ğŸ‡§ğŸ‡¯,flag Benin,flag_benin,
ğŸ‡§ğŸ‡±,flag St. BarthÃ©lemy,flag_st_barthelemy,
ğŸ‡§ğŸ‡²,flag Bermuda,flag_bermuda,
ğŸ‡§ğŸ‡³,flag Brunei,flag_brunei,
ğŸ‡§ğŸ‡´,flag Bolivia,flag_bolivia,
ğŸ‡§ğŸ‡¶,flag Caribbean Netherlands,flag_caribbean_netherlands,
ğŸ‡§ğŸ‡·,flag Brazil,flag_brazil,
ğŸ‡§ğŸ‡¸,flag Bahamas,flag_bahamas,
ğŸ‡§ğŸ‡¹,flag Bhutan,flag_bhutan,
ğŸ‡§ğŸ‡»,flag Bouvet Island,flag_bouvet_island,
ğŸ‡§ğŸ‡¼,flag Botswana,flag_botswana,
ğŸ‡§ğŸ‡¾,flag Belarus,flag_belarus,
ğŸ‡§ğŸ‡¿,flag Belize,flag_belize,
ğŸ‡¨ğŸ‡¦,flag Canada,flag_canada,
ğŸ‡¨ğŸ‡¨,flag Cocos (Keeling) Islands,flag_cocos_islands,
ğŸ‡¨ğŸ‡©,flag Congo - Kinshasa,flag_congo_kinshasa,
ğŸ‡¨ğŸ‡«,flag Central African Republic,flag_central_african_republic,
ğŸ‡¨ğŸ‡¬,flag Congo - Brazzaville,flag_congo_brazzaville,
ğŸ‡¨ğŸ‡­,flag Switzerland,flag_switzerland,
ğŸ‡¨ğŸ‡®,flag CÃ´te dâ€™Ivoire,flag_cote_d_ivoire,
ğŸ‡¨ğŸ‡°,flag Cook Islands,flag_cook_islands,
ğŸ‡¨ğŸ‡±,flag Chile,flag_chile,
ğŸ‡¨ğŸ‡²,flag Cameroon,flag_cameroon,
ğŸ‡¨ğŸ‡³,flag China,flag_china,
ğŸ‡¨ğŸ‡´,flag Colombia,flag_colombia,
ğŸ‡¨ğŸ‡µ,flag Clipperton Island,flag_clipperton_island,
ğŸ‡¨ğŸ‡¶,flag Sark,flag_sark,
ğŸ‡¨ğŸ‡·,flag Costa Rica,flag_costa_rica,
ğŸ‡¨ğŸ‡º,flag Cuba,flag_cuba,
ğŸ‡¨ğŸ‡»,flag Cape Verde,flag_cape_verde,
ğŸ‡¨ğŸ‡¼,flag CuraÃ§ao,flag_curacao,
ğŸ‡¨ğŸ‡½,flag Christmas Island,flag_christmas_island,
ğŸ‡¨ğŸ‡¾,flag Cyprus,flag_cyprus,
ğŸ‡¨ğŸ‡¿,flag Czechia,flag_czechia,
ğŸ‡©ğŸ‡ª,flag Germany,flag_germany,
ğŸ‡©ğŸ‡¬,flag Diego Garcia,flag_diego_garcia,
ğŸ‡©ğŸ‡¯,flag Djibouti,flag_djibouti,
ğŸ‡©ğŸ‡°,flag Denmark,flag_denmark,
ğŸ‡©ğŸ‡²,flag Dominica,flag_dominica,
ğŸ‡©ğŸ‡´,flag Dominican Republic,flag_dominican_republic,
ğŸ‡©ğŸ‡¿,flag Algeria,flag_algeria,
ğŸ‡ªğŸ‡¦,flag Ceuta & Melilla,flag_ceuta_melilla,
ğŸ‡ªğŸ‡¨,flag Ecuador,flag_ecuador,
ğŸ‡ªğŸ‡ª,flag Estonia,flag_estonia,
ğŸ‡ªğŸ‡¬,flag Egypt,flag_egypt,
ğŸ‡ªğŸ‡­,flag Western Sahara,flag_western_sahara,
ğŸ‡ªğŸ‡·,flag Eritrea,flag_eritrea,
ğŸ‡ªğŸ‡¸,flag Spain,flag_spain,
ğŸ‡ªğŸ‡¹,flag Ethiopia,flag_ethiopia,
ğŸ‡ªğŸ‡º,flag European Union,flag_european_union,
ğŸ‡«ğŸ‡®,flag Finland,flag_finland,
ğŸ‡«ğŸ‡¯,flag Fiji,flag_fiji,
ğŸ‡«ğŸ‡°,flag Falkland Islands,flag_falkland_islands,
ğŸ‡«ğŸ‡²,flag Micronesia,flag_micronesia,
ğŸ‡«ğŸ‡´,flag Faroe Islands,flag_faroe_islands,
ğŸ‡«ğŸ‡·,flag France,flag_france,
ğŸ‡¬ğŸ‡¦,flag Gabon,flag_gabon,
ğŸ‡¬ğŸ‡§,flag United Kingdom,flag_united_kingdom,
ğŸ‡¬ğŸ‡©,flag Grenada,flag_grenada,
ğŸ‡¬ğŸ‡ª,flag Georgia,flag_georgia,
ğŸ‡¬ğŸ‡«,flag French Guiana,flag_french_guiana,
ğŸ‡¬ğŸ‡¬,flag Guernsey,flag_guernsey,
ğŸ‡¬ğŸ‡­,flag Ghana,flag_ghana,
ğŸ‡¬ğŸ‡®,flag Gibraltar,flag_gibraltar,
ğŸ‡¬ğŸ‡±,flag Greenland,flag_greenland,
ğŸ‡¬ğŸ‡²,flag Gambia,flag_gambia,
ğŸ‡¬ğŸ‡³,flag Guinea,flag_guinea,
ğŸ‡¬ğŸ‡µ,flag Guadeloupe,flag_guadeloupe,
ğŸ‡¬ğŸ‡¶,flag Equatorial Guinea,flag_equatorial_guinea,
ğŸ‡¬ğŸ‡·,flag Greece,flag_greece,
ğŸ‡¬ğŸ‡¸,flag South Georgia & South Sandwich Islands,flag_south_georgia_south_sandwich_islands,
ğŸ‡¬ğŸ‡¹,flag Guatemala,flag_guatemala,
ğŸ‡¬ğŸ‡º,flag Guam,flag_guam,
ğŸ‡¬ğŸ‡¼,flag Guinea-Bissau,flag_guinea_bissau,
ğŸ‡¬ğŸ‡¾,flag Guyana,flag_guyana,
ğŸ‡­ğŸ‡°,flag Hong Kong SAR China,flag_hong_kong_sar_china,
ğŸ‡­ğŸ‡²,flag Heard & McDonald Islands,flag_heard_mcdonald_islands,
ğŸ‡­ğŸ‡³,flag Honduras,flag_honduras,
ğŸ‡­ğŸ‡·,flag Croatia,flag_croatia,
ğŸ‡­ğŸ‡¹,flag Haiti,flag_haiti,
ğŸ‡­ğŸ‡º,flag Hungary,flag_hungary,
ğŸ‡®ğŸ‡¨,flag Canary Islands,flag_canary_islands,
ğŸ‡®ğŸ‡©,flag Indonesia,flag_indonesia,
ğŸ‡®ğŸ‡ª,flag Ireland,flag_ireland,
ğŸ‡®ğŸ‡±,flag Israel,flag_israel,
ğŸ‡®ğŸ‡²,flag Isle of Man,flag_isle_of_man,
ğŸ‡®ğŸ‡³,flag India,flag_india,
ğŸ‡®ğŸ‡´,flag British Indian Ocean Territory,flag_british_indian_ocean_territory,
ğŸ‡®ğŸ‡¶,flag Iraq,flag_iraq,
ğŸ‡®ğŸ‡·,flag Iran,flag_iran,
ğŸ‡®ğŸ‡¸,flag Iceland,flag_iceland,
ğŸ‡®ğŸ‡¹,flag Italy,flag_italy,
ğŸ‡¯ğŸ‡ª,flag Jersey,flag_jersey,
ğŸ‡¯ğŸ‡²,flag Jamaica,flag_jamaica,
ğŸ‡¯ğŸ‡´,flag Jordan,flag_jordan,
ğŸ‡¯ğŸ‡µ,flag Japan,flag_japan,
ğŸ‡°ğŸ‡ª,flag Kenya,flag_kenya,
ğŸ‡°ğŸ‡¬,flag Kyrgyzstan,flag_kyrgyzstan,
ğŸ‡°ğŸ‡­,flag Cambodia,flag_cambodia,
ğŸ‡°ğŸ‡®,flag Kiribati,flag_kiribati,
ğŸ‡°ğŸ‡²,flag Comoros,flag_comoros,
ğŸ‡°ğŸ‡³,flag St. Kitts & Nevis,flag_st_kitts_nevis,
ğŸ‡°ğŸ‡µ,flag North Korea,flag_north_korea,
ğŸ‡°ğŸ‡·,flag South Korea,flag_south_korea,
ğŸ‡°ğŸ‡¼,flag Kuwait,flag_kuwait,
ğŸ‡°ğŸ‡¾,flag Cayman Islands,flag_cayman_islands,
ğŸ‡°ğŸ‡¿,flag Kazakhstan,flag_kazakhstan,
ğŸ‡±ğŸ‡¦,flag Laos,flag_laos,
ğŸ‡±ğŸ‡§,flag Lebanon,flag_lebanon,
ğŸ‡±ğŸ‡¨,flag St. Lucia,flag_st_lucia,
ğŸ‡±ğŸ‡®,flag Liechtenstein,flag_liechtenstein,
ğŸ‡±ğŸ‡°,flag Sri Lanka,flag_sri_lanka,
ğŸ‡±ğŸ‡·,flag Liberia,flag_liberia,
ğŸ‡±ğŸ‡¸,flag Lesotho,flag_lesotho,
ğŸ‡±ğŸ‡¹,flag Lithuania,flag_lithuania,
ğŸ‡±ğŸ‡º,flag Luxembourg,flag_luxembourg,
ğŸ‡±ğŸ‡»,flag Latvia,flag_latvia,
ğŸ‡±ğŸ‡¾,flag Libya,flag_libya,
ğŸ‡²ğŸ‡¦,flag Morocco,flag_morocco,
ğŸ‡²ğŸ‡¨,flag Monaco,flag_monaco,
ğŸ‡²ğŸ‡©,flag Moldova,flag_moldova,
ğŸ‡²ğŸ‡ª,flag Montenegro,flag_montenegro,
ğŸ‡²ğŸ‡«,flag St. Martin,flag_st_martin,
ğŸ‡²ğŸ‡¬,flag Madagascar,flag_madagascar,
ğŸ‡²ğŸ‡­,flag Marshall Islands,flag_marshall_islands,
ğŸ‡²ğŸ‡°,flag North Macedonia,flag_north_macedonia,
ğŸ‡²ğŸ‡±,flag Mali,flag_mali,
ğŸ‡²ğŸ‡²,flag Myanmar (Burma),flag_myanmar,
ğŸ‡²ğŸ‡³,flag Mongolia,flag_mongolia,
ğŸ‡²ğŸ‡´,flag Macao SAR China,flag_macao_sar_china,
ğŸ‡²ğŸ‡µ,flag Northern Mariana Islands,flag_northern_mariana_islands,
ğŸ‡²ğŸ‡¶,flag Martinique,flag_martinique,
ğŸ‡²ğŸ‡·,flag Mauritania,flag_mauritania,
ğŸ‡²ğŸ‡¸,flag Montserrat,flag_montserrat,
ğŸ‡²ğŸ‡¹,flag Malta,flag_malta,
ğŸ‡²ğŸ‡º,flag Mauritius,flag_mauritius,
ğŸ‡²ğŸ‡»,flag Maldives,flag_maldives,
ğŸ‡²ğŸ‡¼,flag Malawi,flag_malawi,
ğŸ‡²ğŸ‡½,flag Mexico,flag_mexico,
ğŸ‡²ğŸ‡¾,flag Malaysia,flag_malaysia,
ğŸ‡²ğŸ‡¿,flag Mozambique,flag_mozambique,
ğŸ‡³ğŸ‡¦,flag Namibia,flag_namibia,
ğŸ‡³ğŸ‡¨,flag New Caledonia,flag_new_caledonia,
ğŸ‡³ğŸ‡ª,flag Niger,flag_niger,
ğŸ‡³ğŸ‡«,flag Norfolk Island,flag_norfolk_island,
ğŸ‡³ğŸ‡¬,flag Nigeria,flag_nigeria,
ğŸ‡³ğŸ‡®,flag Nicaragua,flag_nicaragua,
ğŸ‡³ğŸ‡±,flag Netherlands,flag_netherlands,
ğŸ‡³ğŸ‡´,flag Norway,flag_norway,
ğŸ‡³ğŸ‡µ,flag Nepal,flag_nepal,
ğŸ‡³ğŸ‡·,flag Nauru,flag_nauru,
ğŸ‡³ğŸ‡º,flag Niue,flag_niue,
ğŸ‡³ğŸ‡¿,flag New Zealand,flag_new_zealand,
ğŸ‡´ğŸ‡²,flag Oman,flag_oman,
ğŸ‡µğŸ‡¦,flag Panama,flag_panama,
ğŸ‡µğŸ‡ª,flag Peru,flag_peru,
ğŸ‡µğŸ‡«,flag French Polynesia,flag_french_polynesia,
ğŸ‡µğŸ‡¬,flag Papua New Guinea,flag_papua_new_guinea,
ğŸ‡µğŸ‡­,flag Philippines,flag_philippines,
ğŸ‡µğŸ‡°,flag Pakistan,flag_pakistan,
ğŸ‡µğŸ‡±,flag Poland,flag_poland,
ğŸ‡µğŸ‡²,flag St. Pierre & Miquelon,flag_st_pierre_miquelon,
ğŸ‡µğŸ‡³,flag Pitcairn Islands,flag_pitcairn_islands,
ğŸ‡µğŸ‡·,flag Puerto Rico,flag_puerto_rico,
ğŸ‡µğŸ‡¸,flag Palestinian Territories,flag_palestinian_territories,
ğŸ‡µğŸ‡¹,flag Portugal,flag_portugal,
ğŸ‡µğŸ‡¼,flag Palau,flag_palau,
ğŸ‡µğŸ‡¾,flag Paraguay,flag_paraguay,
ğŸ‡¶ğŸ‡¦,flag Qatar,flag_qatar,
ğŸ‡·ğŸ‡ª,flag RÃ©union,flag_reunion,
ğŸ‡·ğŸ‡´,flag Romania,flag_romania,
ğŸ‡·ğŸ‡¸,flag Serbia,flag_serbia,
ğŸ‡·ğŸ‡º,flag Russia,flag_russia,
ğŸ‡·ğŸ‡¼,flag Rwanda,flag_rwanda,
ğŸ‡¸ğŸ‡¦,flag Saudi Arabia,flag_saudi_arabia,
ğŸ‡¸ğŸ‡§,flag Solomon Islands,flag_solomon_islands,
ğŸ‡¸ğŸ‡¨,flag Seychelles,flag_seychelles,
ğŸ‡¸ğŸ‡©,flag Sudan,flag_sudan,
ğŸ‡¸ğŸ‡ª,flag Sweden,flag_sweden,
ğŸ‡¸ğŸ‡¬,flag Singapore,flag_singapore,
ğŸ‡¸ğŸ‡­,flag St. Helena,flag_st_helena,
ğŸ‡¸ğŸ‡®,flag Slovenia,flag_slovenia,
ğŸ‡¸ğŸ‡¯,flag Svalbard & Jan Mayen,flag_svalbard_jan_mayen,
ğŸ‡¸ğŸ‡°,flag Slovakia,flag_slovakia,
ğŸ‡¸ğŸ‡±,flag Sierra Leone,flag_sierra_leone,
ğŸ‡¸ğŸ‡²,flag San Marino,flag_san_marino,
ğŸ‡¸ğŸ‡³,flag Senegal,flag_senegal,
ğŸ‡¸ğŸ‡´,flag Somalia,flag_somalia,
ğŸ‡¸ğŸ‡·,flag Suriname,flag_suriname,
ğŸ‡¸ğŸ‡¸,flag South Sudan,flag_south_sudan,
ğŸ‡¸ğŸ‡¹,flag SÃ£o TomÃ© & PrÃ­ncipe,flag_sao_tome_principe,
ğŸ‡¸ğŸ‡»,flag El Salvador,flag_el_salvador,
ğŸ‡¸ğŸ‡½,flag Sint Maarten,flag_sint_maarten,
ğŸ‡¸ğŸ‡¾,flag Syria,flag_syria,
ğŸ‡¸ğŸ‡¿,flag Eswatini,flag_eswatini,
ğŸ‡¹ğŸ‡¦,flag Tristan da Cunha,flag_tristan_da_cunha,
ğŸ‡¹ğŸ‡¨,flag Turks & Caicos Islands,flag_turks_caicos_islands,
ğŸ‡¹ğŸ‡©,flag Chad,flag_chad,
ğŸ‡¹ğŸ‡«,flag French Southern Territories,flag_french_southern_territories,
ğŸ‡¹ğŸ‡¬,flag Togo,flag_togo,
ğŸ‡¹ğŸ‡­,flag Thailand,flag_thailand,
ğŸ‡¹ğŸ‡¯,flag Tajikistan,flag_tajikistan,
ğŸ‡¹ğŸ‡°,flag Tokelau,flag_tokelau,
ğŸ‡¹ğŸ‡±,flag Timor-Leste,flag_timor_leste,
ğŸ‡¹ğŸ‡²,flag Turkmenistan,flag_turkmenistan,
ğŸ‡¹ğŸ‡³,flag Tunisia,flag_tunisia,
ğŸ‡¹ğŸ‡´,flag Tonga,flag_tonga,
ğŸ‡¹ğŸ‡·,flag TÃ¼rkiye,flag_turkiye,
ğŸ‡¹ğŸ‡¹,flag Trinidad & Tobago,flag_trinidad_tobago,
ğŸ‡¹ğŸ‡»,flag Tuvalu,flag_tuvalu,
ğŸ‡¹ğŸ‡¼,flag Taiwan,flag_taiwan,
ğŸ‡¹ğŸ‡¿,flag Tanzania,flag_tanzania,
ğŸ‡ºğŸ‡¦,flag Ukraine,flag_ukraine,
ğŸ‡ºğŸ‡¬,flag Uganda,flag_uganda,
ğŸ‡ºğŸ‡²,flag U.S. Outlying Islands,flag_u_s_outlying_islands,
ğŸ‡ºğŸ‡³,flag United Nations,flag_united_nations,
ğŸ‡ºğŸ‡¸,flag United States,flag_united_states,
ğŸ‡ºğŸ‡¾,flag Uruguay,flag_uruguay,
ğŸ‡ºğŸ‡¿,flag Uzbekistan,flag_uzbekistan,
ğŸ‡»ğŸ‡¦,flag Vatican City,flag_vatican_city,
ğŸ‡»ğŸ‡¨,flag St. Vincent & Grenadines,flag_st_vincent_grenadines,
ğŸ‡»ğŸ‡ª,flag Venezuela,flag_venezuela,
ğŸ‡»ğŸ‡¬,flag British Virgin Islands,flag_british_virgin_islands,
ğŸ‡»ğŸ‡®,flag U.S. Virgin Islands,flag_u_s_virgin_islands,
ğŸ‡»ğŸ‡³,flag Vietnam,flag_vietnam,
ğŸ‡»ğŸ‡º,flag Vanuatu,flag_vanuatu,
ğŸ‡¼ğŸ‡«,flag Wallis & Futuna,flag_wallis_futuna,
ğŸ‡¼ğŸ‡¸,flag Samoa,flag_samoa,
ğŸ‡½ğŸ‡°,flag Kosovo,flag_kosovo,
ğŸ‡¾ğŸ‡ª,flag Yemen,flag_yemen,
ğŸ‡¾ğŸ‡¹,flag Mayotte,flag_mayotte,
ğŸ‡¿ğŸ‡¦,flag South Africa,flag_south_africa,
ğŸ‡¿ğŸ‡²,flag Zambia,flag_zambia,
ğŸ‡¿ğŸ‡¼,flag Zimbabwe,flag_zimbabwe,
ğŸ´ó §ó ¢ó ¥ó ®ó §ó ¿,flag England,flag_england,
ğŸ´ó §ó ¢ó ³ó £ó ´ó ¿,flag Scotland,flag_scotland,
ğŸ´ó §ó ¢ó ·ó ¬ó ³ó ¿,flag Wales,flag_wales,
